bikeid,CountOfRenting,SumOfRentedTime,AverageRentTime
29299,1587,3855197,2429.23566477631
29490,1555,3538718,2275.70289389068
29242,2249,3515990,1563.3570475767
26159,2263,3501958,1547.48475475033
29522,1778,3161861,1778.32452193476
29535,1771,3093694,1746.86278938453
29542,1655,3093429,1869.1413897281
29596,1681,2718525,1617.20701963117
29646,1736,2707066,1559.3698156682
29246,1695,2663827,1571.57935103245
26173,1941,2617076,1348.31324059763
29674,2298,2518225,1095.83333333333
29459,1625,2488034,1531.09784615385
29438,1756,2465705,1404.16002277904
29434,1577,2433003,1542.80469245403
29623,2069,2394120,1157.13871435476
29551,1751,2373213,1355.3472301542
29224,1512,2358537,1559.87896825397
29437,1802,2316889,1285.73196448391
29252,915,2315268,2530.34754098361
26273,1648,2315167,1404.83434466019
26266,1970,2315074,1175.16446700508
26262,1672,2209851,1321.68122009569
26210,1905,2198579,1154.10971128609
26211,2052,2179658,1062.21150097466
29642,2200,2174465,988.393181818182
26160,2055,2140184,1041.45206812652
26202,1803,2129165,1180.90127565169
26293,2157,2122100,983.820120537784
29472,1824,2115856,1160.00877192982
29477,1941,2052178,1057.27872230809
42197,89,1978236,22227.3707865169
29445,1946,1973008,1013.87872559096
26172,1906,1957907,1027.23347324239
26170,2222,1932086,869.525652565257
29290,1744,1914316,1097.65825688073
29647,1369,1897025,1385.70124178232
29201,1798,1895737,1054.35873192436
26163,1829,1890922,1033.85565882996
26224,2078,1864267,897.144850818094
29474,1901,1826736,960.93424513414
29204,1698,1817528,1070.39340400471
38355,8,1807688,225961
29672,2099,1784420,850.12863268223
29537,1743,1775961,1018.91049913941
29554,1547,1755321,1134.66127989657
29273,1866,1748325,936.93729903537
26264,2115,1745939,825.503073286052
29488,1076,1737396,1614.68029739777
29598,2513,1735934,690.781536012734
29280,1825,1720014,942.473424657534
29613,2277,1710873,751.371541501976
26285,2020,1703718,843.424752475248
29640,2254,1701801,755.013753327418
42535,86,1674728,19473.5813953488
26214,2145,1664280,775.888111888112
26184,1785,1657089,928.341176470588
29599,1868,1650856,883.755888650964
29660,2056,1648695,801.894455252918
26279,1898,1634074,860.945205479452
29614,2245,1625546,724.073942093541
26158,2001,1617584,808.387806096952
29618,2186,1610916,736.92406221409
29608,2449,1610151,657.472846059616
29207,2119,1581233,746.21661160925
26197,1391,1576779,1133.55787203451
26247,1792,1573087,877.838727678572
26179,2225,1570500,705.842696629214
29296,1730,1568865,906.85838150289
29600,2053,1566208,762.887481734048
29673,2189,1565912,715.354956601188
29531,1401,1563256,1115.81441827266
26269,2215,1556648,702.775620767494
26306,2162,1555966,719.688251618871
29588,2335,1554564,665.766167023555
29612,2369,1553310,655.681722245673
29507,1936,1552462,801.89152892562
29234,1743,1548572,888.452094090648
29681,1994,1543792,774.218655967904
29255,1226,1540641,1256.64029363785
42228,61,1538572,25222.4918032787
29512,1913,1527694,798.585467851542
26292,2053,1527044,743.811008280565
26168,744,1526014,2051.09408602151
29485,1961,1523686,776.994390617032
29580,1864,1521452,816.229613733906
29619,2350,1521383,647.397021276596
29509,1765,1513940,857.756373937677
26298,2002,1511419,754.954545454546
26301,2138,1494052,698.808231992516
29528,1739,1490461,857.079355951696
29586,2330,1487247,638.303433476395
29212,1512,1486855,983.369708994709
26217,1741,1478846,849.423319931074
29217,1609,1477702,918.397762585457
26213,2182,1474819,675.902383134739
29544,1768,1472892,833.08371040724
26257,1828,1471509,804.983041575492
26296,1663,1468749,883.192423331329
26431,2216,1464837,661.027527075812
26161,2145,1460202,680.746853146853
26227,1906,1459858,765.92759706191
29205,2126,1458891,686.214016933208
26174,2060,1452752,705.219417475728
29644,2256,1451272,643.294326241135
26157,1896,1449094,764.290084388186
29239,1683,1448548,860.693998811646
29462,1722,1446464,839.990708478513
29484,1974,1441177,730.079533941236
26192,2209,1441073,652.364418288819
29468,1506,1438295,955.043160690571
29616,1947,1438139,738.643554185927
29517,1841,1435151,779.549701249321
26243,2005,1432561,714.494264339152
26175,2040,1432346,702.130392156863
26164,1945,1429804,735.117737789203
26212,1924,1426194,741.265072765073
26190,2289,1423683,621.967234600262
29284,2098,1420065,676.866062917064
29262,1904,1419698,745.639705882353
26253,2012,1418507,705.023359840954
26316,2095,1413258,674.5861575179
29520,1883,1405553,746.443441317047
26189,2114,1405149,664.687322611164
29523,1930,1404146,727.536787564767
29206,1953,1402550,718.151561699949
26252,1862,1397142,750.344790547798
26287,1966,1396204,710.17497456765
26177,1897,1394511,735.113863995783
26188,1796,1393298,775.778396436526
29658,1828,1392943,762.003829321663
29261,1876,1391769,741.881130063966
29276,2155,1386636,643.450580046404
29597,1941,1386402,714.272024729521
26258,2163,1383303,639.529819694868
26318,1887,1381789,732.267620561738
26195,1781,1381735,775.819764177428
29669,2052,1381621,673.304580896686
29249,1751,1379109,787.612221587664
26283,1963,1378977,702.48446255731
26265,1738,1376350,791.915995397008
26250,1979,1374888,694.738756947954
29504,1823,1372048,752.631925397696
26248,1818,1372019,754.685918591859
29444,1583,1364452,861.940619077701
26225,1976,1364354,690.462550607288
26219,2076,1364247,657.151734104046
29610,1906,1364040,715.655823714586
26310,1726,1363771,790.133835457706
26300,1934,1363021,704.767838676319
29569,1989,1360513,684.01860231272
26304,1829,1352988,739.741935483871
29235,1771,1346732,760.435911914173
29527,1758,1344395,764.729806598407
26236,2261,1343808,594.342326404246
26274,2127,1343427,631.606488011284
26299,1908,1341555,703.12106918239
26297,1866,1339179,717.673633440514
29495,1809,1334299,737.589275843007
26259,1784,1332892,747.136771300449
29230,1865,1331825,714.115281501341
29622,1998,1329347,665.338838838839
26303,2107,1329270,630.882771713337
29439,2013,1329265,660.340288127173
29620,2214,1328442,600.018970189702
29505,1815,1327412,731.356473829201
26223,2054,1324380,644.780915287244
26308,1875,1323035,705.618666666667
29460,1842,1318303,715.691096634093
26288,2364,1317944,557.505922165821
29466,1788,1313417,734.573266219239
29120,1862,1309028,703.022556390978
26166,2093,1307642,624.769230769231
26286,2137,1307090,611.647168928404
26204,1901,1306395,687.214623882167
29635,2062,1305531,633.138215324927
29654,2003,1305099,651.572141787319
29250,2042,1304163,638.6694417238
29604,2275,1302674,572.603956043956
29229,1562,1293110,827.855313700384
29595,2203,1290767,585.913300045393
29536,1709,1289450,754.50555880632
29458,1998,1287639,644.463963963964
29476,1560,1287437,825.280128205128
26221,2025,1285951,635.037530864198
26151,1800,1285106,713.947777777778
29222,1753,1284098,732.514546491728
29447,1818,1282753,705.584708470847
29513,1850,1282688,693.344864864865
26216,1719,1281916,745.73356602676
29272,1887,1281266,678.996290408055
29587,2308,1280746,554.915944540728
29266,1938,1278518,659.710010319917
26311,2099,1276981,608.375893282515
29662,2136,1276288,597.513108614232
26187,1585,1275320,804.618296529969
29281,1506,1274633,846.369853917663
29593,2204,1270933,576.648366606171
26251,1947,1268721,651.628659476117
29571,1541,1264820,820.778715120052
26309,1826,1263642,692.027382256298
29617,1842,1262833,685.577090119435
29469,1959,1260818,643.602858601327
26314,1976,1256854,636.05971659919
29533,1602,1256682,784.445692883895
29275,1601,1256248,784.664584634603
29245,1994,1256129,629.954363089268
26155,2082,1255850,603.194044188281
26235,1702,1254687,737.183901292597
29594,1577,1254681,795.612555485098
29498,1547,1254533,810.945701357466
29215,1616,1253813,775.874381188119
29211,1994,1250353,627.057673019057
29446,1954,1249770,639.595701125896
29506,1821,1248326,685.51674903899
29492,1852,1244778,672.126349892009
29541,1739,1244596,715.696377228292
26237,1908,1239321,649.539308176101
29621,2196,1236417,563.031420765027
29125,1459,1234739,846.291295407814
29452,1959,1234552,630.194997447677
29288,1685,1232073,731.20059347181
26206,2126,1230583,578.825493885231
29306,1835,1229985,670.291553133515
29491,1834,1226718,668.875681570338
26182,1934,1226047,633.943640124095
29208,1656,1225829,740.234903381643
26312,1684,1224642,727.222090261283
26165,1763,1224534,694.574021554169
29240,1814,1220716,672.941565600882
26215,1855,1219527,657.426954177898
26254,1872,1215031,649.055021367521
29219,1937,1213966,626.724832214765
29577,2142,1207980,563.949579831933
29556,1753,1207607,688.880205362236
29590,1763,1207230,684.758933635848
29671,1663,1206912,725.743836440168
26181,1647,1204784,731.502125075896
29232,1730,1204005,695.956647398844
29283,1839,1203851,654.622620989668
29223,1664,1203411,723.203725961538
29287,1825,1201713,658.472876712329
29479,1838,1201196,653.534276387378
29678,1885,1200033,636.622281167109
29583,2108,1199656,569.096774193548
29270,1491,1198672,803.938296445339
29231,2070,1196825,578.176328502415
29603,2115,1194708,564.873758865248
29277,1655,1188837,718.330513595166
29664,1816,1187690,654.014317180617
29605,1374,1184177,861.846433770015
26180,1533,1183877,772.261578604044
26260,2121,1182698,557.61338991042
29278,1699,1182432,695.957622130665
29259,1638,1182346,721.822954822955
29519,1587,1178756,742.757403906742
26178,1786,1178662,659.945128779395
29435,1794,1172616,653.632107023411
29253,1903,1172486,616.125065685759
29214,1974,1171272,593.349544072948
26238,1623,1170792,721.375231053604
29257,1907,1170763,613.929208180388
26207,1673,1170194,699.458457860132
29553,1356,1169846,862.718289085546
29653,1788,1166203,652.238814317673
29572,1853,1165995,629.247166756611
29463,1756,1165579,663.769362186788
29548,1758,1165164,662.778156996587
29465,1993,1164923,584.507275464124
29256,1761,1164603,661.330494037479
29457,1445,1163654,805.296885813149
26255,1880,1162920,618.574468085106
29584,2154,1161201,539.090529247911
29289,1632,1159532,710.497549019608
26268,1864,1159425,622.009120171674
26276,1972,1159268,587.864097363083
26226,1851,1156136,624.60075634792
29525,1807,1155267,639.328721638074
29210,1910,1152347,603.323036649215
29269,1775,1150345,648.081690140845
26275,2141,1149708,536.995796356843
29233,1626,1148943,706.607011070111
29268,1614,1147684,711.080545229244
29611,2091,1147657,548.855571496892
29123,1361,1146636,842.495224099927
29286,1962,1146423,584.313455657492
26233,1934,1146211,592.663391933816
29227,1834,1145322,624.494002181025
29550,1677,1143657,681.966010733453
29124,1407,1143627,812.81236673774
29521,1660,1142762,688.410843373494
26290,1914,1142235,596.778996865204
29499,1797,1141426,635.184195882026
29629,1736,1141210,657.379032258065
26209,2037,1141150,560.211094747177
29122,1657,1139741,687.834037417019
29628,1949,1136674,583.208825038481
29668,2086,1136434,544.790987535954
29675,1832,1133659,618.809497816594
29451,1706,1132561,663.869284876905
29643,1773,1131685,638.288212069938
29221,1760,1131244,642.752272727273
26185,1705,1131104,663.404105571848
29667,1689,1129266,668.600355239787
29539,1730,1128988,652.594219653179
26291,1944,1128894,580.706790123457
29497,1722,1128450,655.313588850174
29589,1886,1127722,597.943796394486
26281,1660,1126999,678.915060240964
26191,1848,1126163,609.395562770563
26294,1887,1125122,596.249072602014
26272,1896,1124886,593.294303797468
26152,1737,1123854,647.008635578584
29200,1746,1122746,643.038946162658
26284,1456,1122498,770.946428571429
29494,1874,1122161,598.80522945571
29547,1627,1121782,689.478795328826
29607,2041,1121205,549.341009309162
26307,1807,1120744,620.223574986165
26295,2074,1120300,540.16393442623
26193,1897,1118974,589.865050079072
29530,1727,1118608,647.717429067748
29552,1826,1116219,611.291894852136
26302,1870,1115605,596.580213903743
29626,2041,1112339,544.997060264576
29263,1635,1111562,679.854434250765
26198,1746,1109355,635.36941580756
29670,1669,1107252,663.422408627921
26280,1693,1106582,653.621972829297
29292,1697,1105725,651.576311137301
29576,1827,1105605,605.147783251232
26267,1880,1104655,587.582446808511
26271,1843,1104230,599.148128052089
29496,1815,1102798,607.602203856749
29609,1448,1100479,759.999309392265
29455,1857,1100450,592.595584275713
26289,1977,1100114,556.456246838645
29203,1914,1098513,573.935736677116
26305,1879,1098107,584.410324640766
29682,1587,1095338,690.194076874606
29546,1875,1093775,583.346666666667
29260,1727,1092806,632.777070063694
29475,1612,1091544,677.136476426799
29510,1548,1088865,703.401162790698
26239,1941,1087163,560.104585265327
26162,1558,1085923,696.998074454429
29634,1940,1084531,559.036597938144
29198,1445,1083781,750.021453287197
26200,1799,1083582,602.324624791551
21078,1,1083543,1083543
29218,1468,1082303,737.263623978202
26232,1634,1081211,661.695838433293
29482,1862,1079762,579.893662728249
33632,251,1077169,4291.50996015936
29514,1683,1073434,637.809863339275
29540,1741,1072185,615.844342331993
29483,1827,1072146,586.834154351396
29526,1784,1071330,600.521300448431
42421,103,1069823,10386.6310679612
29486,1686,1068081,633.5
29606,1886,1066457,565.459703075292
29645,1814,1064839,587.01157662624
29575,1633,1064248,651.713410900184
26196,2052,1063668,518.356725146199
26205,1790,1062831,593.760335195531
29503,1767,1061986,601.010752688172
29666,1973,1060350,537.430309173847
29213,1851,1058997,572.121555915721
29225,1857,1058643,570.08239095315
29461,1634,1058385,647.726438188495
29655,1768,1057203,597.965497737557
29636,1507,1056577,701.112806901128
29440,1876,1054896,562.311300639659
26186,1609,1054695,655.497203231821
26220,1683,1054114,626.33036244801
29516,1669,1053056,630.950269622529
26208,1685,1052914,624.874777448071
29473,1696,1052310,620.465801886792
26199,1741,1052302,604.423894313613
29199,1785,1052197,589.466106442577
26203,1773,1051124,592.850535815003
26156,1777,1049287,590.482273494654
29508,1726,1048268,607.339513325608
29293,1691,1045662,618.369012418687
29282,1655,1045294,631.597583081571
29511,1698,1042350,613.86925795053
29665,1764,1041448,590.390022675737
29197,1763,1036234,587.767441860465
29652,1541,1035480,671.953277092797
29236,1741,1032123,592.833429063757
26222,1717,1030545,600.200931857892
29518,1629,1030060,632.326580724371
26153,1830,1029284,562.450273224044
29271,1714,1028471,600.041423570595
29449,1671,1026452,614.274087372831
29538,1757,1025526,583.680136596471
26230,1741,1025513,589.036760482481
29659,1638,1025501,626.068986568987
26171,1571,1024770,652.304264799491
29676,1862,1024714,550.329752953813
29500,1666,1023302,614.226890756303
29591,1991,1023157,513.891009542943
29241,1842,1021896,554.775244299674
29307,1606,1020855,635.650684931507
29677,1737,1020102,587.278065630397
29247,1809,1018553,563.047540077391
29295,1677,1018117,607.106141920095
29258,1723,1017843,590.738827626233
26244,1710,1016575,594.488304093567
26278,1669,1016303,608.929298981426
29638,1687,1014091,601.120924718435
26277,1847,1013823,548.902544667028
29291,1622,1013063,624.576448828607
29624,1095,1012529,924.68401826484
29615,1766,1011856,572.964892412231
29265,1626,1011373,622.00061500615
29502,1712,1009952,589.92523364486
29209,1634,1009281,617.675030599755
26240,1515,1005778,663.879867986799
29244,1384,1004811,726.01950867052
29480,1654,1002534,606.126964933495
25421,39,1001320,25674.8717948718
29251,1529,997747,652.548724656638
29264,1670,997227,597.141916167665
26228,1876,997087,531.496268656716
29298,1594,995759,624.691969887077
29126,1647,994504,603.827565270188
29448,1491,992169,665.438631790745
29582,1849,992016,536.514872904273
29641,1858,991504,533.640473627557
26234,1816,990250,545.291850220264
29297,1740,985261,566.241954022989
26183,1523,984206,646.228496388707
26229,1053,984054,934.524216524217
29489,1877,973409,518.598295151838
29524,1542,972977,630.983787289235
29248,1362,971351,713.179882525698
29601,1706,970992,569.162954279015
26261,1548,969794,626.481912144703
29515,1508,969057,642.61074270557
29639,1594,961715,603.334378920954
29267,1666,958831,575.52881152461
29534,1685,958503,568.844510385757
29228,1686,955290,566.601423487545
29470,1652,954712,577.912832929782
29220,1458,953607,654.051440329218
26241,1484,952268,641.690026954178
29226,1673,951076,568.485355648536
26167,1589,950874,598.410320956577
29581,1634,950060,581.432068543452
29570,1196,949508,793.903010033445
29243,1524,940882,617.376640419948
29578,1713,936619,546.771161704612
29453,1669,935217,560.345715997603
29441,1719,935124,543.993019197208
29663,1502,934012,621.845539280959
29545,1233,932469,756.260340632603
26270,1517,931205,613.846407382993
29305,1496,927104,619.72192513369
26317,1462,921359,630.204514363885
29294,1695,921202,543.482005899705
29487,1449,918368,633.794340924776
26194,1492,917148,614.710455764075
29481,1420,916163,645.185211267606
29555,1605,908607,566.110280373832
26201,1667,904225,542.426514697061
33658,504,900963,1787.625
29467,1485,897951,604.680808080808
29254,1550,895161,577.523225806452
29121,1554,894140,575.379665379666
29679,1552,891860,574.65206185567
26263,1547,888349,574.239819004525
26315,1013,886931,875.548864758144
29301,1384,885571,639.863439306358
29657,1125,885382,787.006222222222
29532,1503,882544,587.188290086494
29450,1487,878703,590.923335574983
29471,1535,878107,572.05667752443
26242,1647,868805,527.50758955677
26282,1235,866079,701.278542510122
29302,1688,860286,509.648104265403
29602,1564,856331,547.52621483376
29592,1520,851161,559.974342105263
29680,1482,848632,572.626180836707
29300,1292,846342,655.06346749226
29442,989,846131,855.541961577351
29279,1478,845960,572.368064952639
29661,1484,841982,567.373315363881
29238,1104,839401,760.326992753623
42341,63,825941,13110.1746031746
29549,1273,825796,648.700706991359
29454,1275,822001,644.706666666667
26245,1499,820055,547.068045363576
26246,913,813449,890.962760131435
33615,239,805567,3370.57322175732
29303,1455,790101,543.024742268041
29529,1416,784249,553.848163841808
29308,1494,781478,523.077643908969
29573,1519,781361,514.391705069124
29202,1112,780334,701.739208633094
29627,1408,762849,541.796164772727
33609,344,759694,2208.41279069767
26256,1275,749404,587.767843137255
26249,1025,734394,716.481951219512
29127,999,733590,734.324324324324
33594,708,714596,1009.31638418079
26169,1131,702580,621.202475685234
29274,1125,700227,622.424
31547,73,675064,9247.45205479452
29443,1096,666745,608.34397810219
29285,1248,662603,530.931891025641
29579,1113,660662,593.586702605571
33613,641,642250,1001.95007800312
29656,1088,639563,587.833639705882
29304,1111,627620,564.914491449145
29237,1134,626999,552.909171075838
33566,616,594241,964.676948051948
33654,586,577995,986.339590443686
33652,578,574430,993.823529411765
29216,933,571494,612.533762057878
42264,87,566574,6512.34482758621
33638,625,558832,894.1312
33646,521,552731,1060.90403071017
32831,228,536971,2355.13596491228
33653,576,535085,928.967013888889
33580,555,520521,937.875675675676
33628,614,518878,845.078175895766
33640,652,516582,792.303680981595
33570,616,509778,827.561688311688
33660,654,496753,759.561162079511
33569,712,479057,672.832865168539
33612,644,477426,741.344720496895
33563,661,472362,714.617246596067
33592,585,470188,803.740170940171
31861,625,469822,751.7152
33620,701,469719,670.069900142653
29456,714,469437,657.474789915966
33619,559,465798,833.270125223614
31877,457,461675,1010.22975929978
33604,616,460890,748.198051948052
33641,513,459014,894.764132553606
31683,545,443794,814.300917431193
33682,598,439166,734.391304347826
33668,634,437259,689.682965299685
33679,654,435719,666.237003058104
33579,637,434485,682.080062794349
29493,835,431257,516.475449101796
33590,608,429296,706.078947368421
33621,729,425530,583.717421124829
33625,692,423941,612.631502890174
33681,216,422498,1956.00925925926
33657,690,421716,611.182608695652
37987,757,420173,555.050198150595
33662,605,419936,694.109090909091
33633,581,418154,719.714285714286
33605,658,413799,628.873860182371
31754,502,411526,819.772908366534
33676,648,411510,635.046296296296
33587,658,406541,617.843465045593
42488,62,405533,6540.85483870968
29478,667,404549,606.52023988006
33680,604,404252,669.291390728477
31890,616,403938,655.743506493507
33591,633,401886,634.890995260664
42285,84,398201,4740.4880952381
33599,679,395778,582.883652430044
33622,598,395632,661.591973244147
33656,638,394665,618.597178683386
33648,627,391748,624.797448165869
31833,553,387840,701.338155515371
33606,594,386159,650.099326599327
33614,692,384470,555.592485549133
33581,640,384392,600.6125
33675,535,375087,701.097196261682
33669,625,372768,596.4288
33595,560,371794,663.917857142857
42326,95,371599,3911.56842105263
33603,434,369722,851.89400921659
33626,666,368022,552.585585585586
33665,549,367364,669.151183970856
31717,530,365699,689.998113207547
29625,633,362422,572.546603475513
31908,461,361124,783.349240780911
42385,91,360148,3957.67032967033
33607,621,358251,576.893719806763
33636,571,357759,626.548161120841
42217,25,355676,14227.04
33617,590,355504,602.549152542373
33571,647,354263,547.54714064915
33602,582,349167,599.943298969072
31920,596,348648,584.979865771812
33670,560,346245,618.294642857143
31925,671,344308,513.126676602087
31946,592,342058,577.800675675676
33674,492,339875,690.802845528455
33560,598,338714,566.411371237458
31868,704,337860,479.914772727273
33608,583,334688,574.078902229846
33647,569,334515,587.899824253076
33576,582,331015,568.754295532646
33611,580,330029,569.015517241379
33573,551,329772,598.497277676951
33635,581,324611,558.710843373494
33651,556,321420,578.093525179856
33575,538,320688,596.074349442379
33589,590,318576,539.959322033898
42409,81,316085,3902.28395061728
31719,635,315964,497.581102362205
31753,445,315355,708.662921348315
31739,559,310199,554.91771019678
31686,545,307622,564.444036697248
31766,513,307527,599.46783625731
31151,540,304795,564.435185185185
31954,626,303635,485.039936102236
31802,586,301704,514.853242320819
31859,459,301095,655.980392156863
31949,607,298302,491.436573311367
33598,512,297419,580.896484375
42479,77,297415,3862.53246753247
33557,546,297274,544.457875457876
29585,504,296374,588.043650793651
31711,568,294754,518.933098591549
31907,638,293157,459.493730407524
33588,534,292896,548.494382022472
31680,594,292559,492.523569023569
31825,634,291286,459.441640378549
31918,613,290107,473.257748776509
26176,421,288955,686.353919239905
31728,650,286798,441.227692307692
31934,626,286573,457.784345047923
33650,482,286021,593.404564315353
31836,529,284188,537.217391304348
31811,594,281885,474.553872053872
33568,526,280494,533.25855513308
31779,633,279637,441.764612954186
31681,550,277397,504.358181818182
31687,623,275737,442.595505617978
31731,598,275339,460.433110367893
31760,483,275073,569.509316770186
42369,98,275020,2806.32653061224
31710,620,273519,441.159677419355
31678,464,273313,589.036637931035
31878,519,273191,526.3795761079
31874,602,272843,453.227574750831
31799,541,271568,501.974121996303
31763,549,271544,494.615664845173
33659,462,271504,587.670995670996
33597,461,270807,587.433839479393
33627,476,270428,568.126050420168
31915,557,268324,481.730700179533
31709,600,268237,447.061666666667
31765,591,268082,453.60744500846
33631,130,265751,2044.23846153846
31840,558,265352,475.541218637993
31813,611,264197,432.400981996727
31903,549,263983,480.84335154827
42503,87,263312,3026.57471264368
31708,552,262649,475.813405797102
31684,563,262175,465.674955595027
33630,482,262123,543.823651452282
31735,577,259818,450.29116117851
31689,619,259197,418.735056542811
31690,560,258732,462.021428571429
31750,544,258070,474.393382352941
31700,478,258043,539.838912133891
31843,532,257474,483.973684210526
31705,552,257199,465.940217391304
31842,572,257109,449.491258741259
31762,587,256848,437.560477001704
33556,421,256083,608.273159144893
31772,584,255720,437.876712328767
31675,598,255071,426.540133779264
31706,527,254519,482.95825426945
42178,72,254104,3529.22222222222
31929,534,253575,474.859550561798
31938,538,253325,470.864312267658
31828,542,251930,464.815498154982
31747,517,251085,485.657640232108
31694,555,248265,447.324324324324
31744,533,247544,464.435272045028
31849,558,247338,443.258064516129
31911,548,247202,451.098540145985
31722,514,246163,478.916342412451
31829,505,246073,487.273267326733
27558,328,246001,750.003048780488
33372,215,245769,1143.11162790698
33634,468,244883,523.254273504274
33554,377,243919,647
31926,546,243661,446.265567765568
31808,566,243356,429.957597173145
31875,536,243053,453.457089552239
31867,551,242269,439.689655172414
33559,437,242106,554.018306636156
31697,535,241171,450.78691588785
31704,528,240459,455.414772727273
33623,389,239461,615.580976863753
31713,546,238806,437.373626373626
31725,518,238658,460.72972972973
31738,539,238293,442.102040816327
33677,327,236850,724.311926605505
31777,509,236753,465.133595284872
31721,526,234727,446.249049429658
33586,346,233797,675.71387283237
31860,488,233258,477.987704918033
31688,408,232958,570.975490196079
31778,550,231700,421.272727272727
31884,451,231640,513.614190687362
31776,522,228724,438.168582375479
31695,479,228355,476.732776617954
31865,541,226934,419.47134935305
31759,505,225137,445.815841584158
42146,106,224884,2121.54716981132
31933,437,224180,512.997711670481
31743,458,222606,486.039301310044
31714,336,222540,662.321428571429
31773,520,219225,421.586538461539
31832,475,216904,456.64
31716,475,216305,455.378947368421
31816,459,215704,469.943355119826
31940,544,215448,396.044117647059
31847,503,214803,427.043737574553
31742,427,214727,502.873536299766
33695,352,212090,602.528409090909
31691,521,211379,405.717850287908
42553,79,209520,2652.15189873418
31817,428,207541,484.908878504673
31715,440,205526,467.104545454546
42574,67,205488,3066.98507462687
31769,417,204922,491.419664268585
31732,436,204532,469.110091743119
31912,451,204525,453.492239467849
25066,106,202293,1908.42452830189
26231,252,201682,800.325396825397
31751,488,200177,410.198770491803
33629,320,198776,621.175
31701,438,198514,453.228310502283
31870,424,198308,467.707547169811
31538,302,197820,655.033112582782
31864,451,197160,437.161862527716
33610,310,194723,628.138709677419
31539,321,189300,589.719626168224
33565,295,188783,639.942372881356
31872,403,187938,466.347394540943
31914,444,187018,421.211711711712
42444,67,186913,2789.74626865672
33567,302,186199,616.55298013245
31866,441,186010,421.791383219955
32259,370,185426,501.151351351351
29501,262,184823,705.431297709924
31845,443,184696,416.920993227991
31574,262,184258,703.274809160305
33564,356,182050,511.376404494382
33663,321,180988,563.82554517134
32769,359,178450,497.075208913649
33577,346,178414,515.647398843931
42586,82,176414,2151.39024390244
31873,390,173677,445.325641025641
31733,402,173203,430.853233830846
30987,303,171079,564.617161716172
42354,110,169438,1540.34545454545
31927,425,168069,395.456470588235
31788,136,166765,1226.21323529412
26706,171,165528,968
25738,207,162326,784.183574879227
31767,316,161130,509.905063291139
33555,272,160399,589.702205882353
33578,224,160224,715.285714285714
31862,328,159088,485.024390243903
30168,74,158725,2144.93243243243
42373,112,158690,1416.875
33600,248,154720,623.870967741936
42550,101,154187,1526.60396039604
42210,121,154136,1273.85123966942
31841,370,153586,415.097297297297
42621,107,153570,1435.23364485981
42113,112,152948,1365.60714285714
33593,256,151403,591.41796875
33624,148,151044,1020.56756756757
42352,74,150962,2040.02702702703
31727,360,149739,415.941666666667
42576,84,147430,1755.11904761905
31956,271,146793,541.671586715867
42141,92,144571,1571.42391304348
31835,352,141857,403.002840909091
31880,272,140709,517.3125
42447,88,138768,1576.90909090909
31910,211,137349,650.943127962085
33006,257,137095,533.443579766537
42281,106,131693,1242.38679245283
27204,176,130064,739
42582,83,128864,1552.57831325301
31822,308,128453,417.055194805195
33562,285,127960,448.982456140351
31834,248,124606,502.443548387097
27083,256,122791,479.65234375
42344,76,120353,1583.59210526316
42459,76,119571,1573.30263157895
42236,89,119430,1341.91011235955
33558,146,119169,816.22602739726
33561,199,118907,597.522613065327
33463,282,118276,419.418439716312
42189,69,118074,1711.21739130435
42161,87,117054,1345.44827586207
42314,105,116592,1110.4
42292,77,114216,1483.32467532468
32417,203,112162,552.522167487685
31943,219,112041,511.602739726027
31737,206,110108,534.504854368932
14948,12,110014,9167.83333333333
42577,91,109867,1207.32967032967
29912,145,109678,756.4
40910,63,109431,1737
18192,124,109003,879.056451612903
42521,65,108976,1676.55384615385
42549,73,107712,1475.50684931507
31058,180,107685,598.25
33985,147,107482,731.170068027211
20211,113,107243,949.053097345133
28242,172,106356,618.348837209302
42204,94,104880,1115.74468085106
42153,78,104878,1344.58974358974
26610,181,104421,576.911602209945
42203,99,103265,1043.08080808081
31702,182,99095,544.478021978022
19886,16,99068,6191.75
42174,81,98567,1216.87654320988
42336,99,98409,994.030303030303
42466,87,97880,1125.05747126437
42199,92,97065,1055.05434782609
28164,238,96998,407.554621848739
42181,117,95050,812.393162393162
31975,127,93961,739.850393700788
28857,114,93747,822.342105263158
42474,98,93471,953.785714285714
31831,87,93448,1074.11494252874
31756,162,92922,573.592592592593
33442,132,92179,698.325757575758
31998,175,91666,523.805714285714
33840,165,91148,552.412121212121
42337,138,91059,659.847826086957
30643,166,90254,543.698795180723
31886,197,88775,450.634517766498
42171,95,88362,930.126315789474
42282,101,88047,871.752475247525
42575,74,88039,1189.71621621622
25100,149,87927,590.114093959732
31819,134,87632,653.970149253731
18372,44,87589,1990.65909090909
33649,140,87287,623.478571428571
42251,89,87058,978.179775280899
27269,124,86834,700.274193548387
42274,99,85649,865.141414141414
30448,137,85087,621.07299270073
33618,157,84372,537.40127388535
26618,92,84016,913.217391304348
42291,81,83668,1032.93827160494
42166,151,83345,551.953642384106
30546,133,83153,625.21052631579
42278,111,83104,748.684684684685
42366,115,82447,716.930434782609
33661,152,81999,539.467105263158
17108,35,81343,2324.08571428571
42309,114,81287,713.043859649123
42255,100,81024,810.24
32019,157,80648,513.681528662421
42121,91,80586,885.56043956044
31404,141,79650,564.893617021277
42429,94,78506,835.170212765958
33814,155,78243,504.793548387097
29564,61,78064,1279.73770491803
30345,127,78000,614.173228346457
42266,93,77563,834.010752688172
42364,119,77329,649.823529411765
42368,140,77087,550.621428571429
42155,79,76831,972.544303797468
42143,131,76588,584.641221374046
42227,97,76550,789.175257731959
42442,123,76452,621.560975609756
42221,95,76264,802.778947368421
42394,125,76211,609.688
42134,112,75584,674.857142857143
42568,85,75486,888.070588235294
42371,94,75440,802.553191489362
42388,64,75078,1173.09375
33572,153,75021,490.333333333333
16782,115,74890,651.217391304348
42168,121,74626,616.743801652893
42311,105,74364,708.228571428571
42162,109,74314,681.779816513762
33664,122,73663,603.795081967213
42219,92,73117,794.75
42160,113,72759,643.884955752212
42280,86,72601,844.197674418605
42258,110,72512,659.2
42128,118,72464,614.101694915254
42132,77,72461,941.051948051948
29791,127,72287,569.188976377953
42432,100,72176,721.76
42445,71,71907,1012.77464788732
32225,127,71862,565.842519685039
30964,149,71633,480.758389261745
20727,44,71627,1627.88636363636
42347,105,71587,681.780952380952
42147,125,71539,572.312
42335,93,71278,766.430107526882
42512,115,70856,616.139130434783
42349,133,70748,531.93984962406
28763,144,70619,490.409722222222
42605,78,70346,901.871794871795
42408,108,70016,648.296296296296
18729,143,70013,489.601398601399
42296,104,69912,672.230769230769
42124,91,69765,766.648351648352
30919,159,69716,438.465408805032
42483,68,69656,1024.35294117647
31453,123,69457,564.691056910569
42117,103,69022,670.116504854369
42397,91,68150,748.901098901099
42272,96,67890,707.1875
32906,97,67889,699.886597938144
42536,99,67684,683.676767676768
42327,87,67564,776.597701149425
42150,127,67098,528.330708661417
25659,137,67075,489.598540145985
42107,88,66906,760.295454545455
42490,107,66723,623.579439252336
31931,93,66521,715.279569892473
42229,92,66395,721.684782608696
42126,107,66347,620.065420560748
32493,162,66240,408.888888888889
42142,94,66082,703
32843,169,66043,390.786982248521
19572,23,65766,2859.39130434783
42212,103,65619,637.077669902913
42267,71,65609,924.070422535211
42234,113,65571,580.274336283186
42205,114,65520,574.736842105263
42186,100,65258,652.58
30013,120,64955,541.291666666667
42256,109,64953,595.899082568807
42446,95,64944,683.621052631579
42230,140,64884,463.457142857143
42486,99,64882,655.373737373737
33074,130,64866,498.969230769231
42611,108,64803,600.027777777778
42494,85,64506,758.894117647059
42599,83,64328,775.036144578313
42110,87,64327,739.390804597701
42431,85,64189,755.164705882353
42450,70,64123,916.042857142857
31761,87,64027,735.942528735632
33666,104,63647,611.990384615385
42224,101,63561,629.316831683168
42188,108,63503,587.990740740741
32914,125,63455,507.64
42609,88,63445,720.965909090909
33667,66,63261,958.5
42133,113,63138,558.743362831859
42476,103,63061,612.242718446602
42184,93,62919,676.548387096774
42312,111,62545,563.468468468469
42215,86,62534,727.139534883721
42499,75,62368,831.573333333333
31755,85,62318,733.152941176471
33781,160,62306,389.4125
42154,80,62242,778.025
42322,97,62236,641.60824742268
32435,95,62174,654.463157894737
42194,104,62062,596.75
31460,63,61856,981.84126984127
42572,93,61802,664.537634408602
42359,80,61781,772.2625
42508,93,61732,663.784946236559
31326,124,61691,497.508064516129
42470,100,61590,615.9
42239,82,61319,747.792682926829
42305,108,60993,564.75
42358,106,60974,575.22641509434
42363,100,60683,606.83
42381,89,60209,676.505617977528
42376,85,60186,708.070588235294
31774,88,60153,683.556818181818
42424,84,60125,715.77380952381
42127,109,60020,550.642201834862
30966,108,59883,554.472222222222
42313,116,59866,516.086206896552
42353,89,59845,672.415730337079
42502,106,59840,564.528301886792
42265,81,59771,737.913580246914
42623,78,59744,765.948717948718
42120,117,59714,510.376068376068
42276,110,59713,542.845454545455
42176,100,59500,595
42617,106,59273,559.179245283019
42401,95,59253,623.715789473684
42480,91,59184,650.373626373626
42578,85,59126,695.6
42242,116,59081,509.318965517241
42571,93,59049,634.935483870968
42331,66,58849,891.651515151515
42254,96,58710,611.5625
42382,92,58708,638.130434782609
31712,106,58626,553.075471698113
42303,79,58524,740.810126582279
42195,71,58459,823.366197183099
42156,89,58421,656.415730337079
42497,96,58294,607.229166666667
42545,93,58234,626.172043010753
25524,120,58117,484.308333333333
42244,93,58017,623.838709677419
31803,85,57836,680.423529411765
42538,94,57651,613.308510638298
42564,71,57563,810.74647887324
26861,91,57528,632.175824175824
42182,45,57506,1277.91111111111
27952,72,57193,794.347222222222
42528,103,57149,554.844660194175
15302,119,57086,479.714285714286
26961,110,57081,518.918181818182
42362,82,57071,695.987804878049
42532,87,56888,653.885057471265
42380,90,56719,630.211111111111
42250,109,56629,519.532110091743
42213,104,56603,544.259615384615
42518,71,56391,794.239436619718
42208,95,56358,593.242105263158
24934,115,56111,487.921739130435
42430,98,56045,571.887755102041
42340,102,56035,549.362745098039
42318,101,55960,554.059405940594
42112,108,55864,517.259259259259
42111,99,55824,563.878787878788
42496,101,55688,551.366336633663
42177,111,55650,501.351351351351
42157,94,55551,590.968085106383
42420,111,55427,499.342342342342
42428,79,55427,701.607594936709
42529,112,55409,494.723214285714
42237,86,55407,644.267441860465
42467,90,55296,614.4
42606,101,55157,546.108910891089
42562,73,55141,755.356164383562
26425,67,55070,821.940298507463
42546,105,55033,524.12380952381
42321,75,54985,733.133333333333
42108,102,54672,536
31952,86,54658,635.558139534884
27563,92,54632,593.826086956522
34413,55,54625,993.181818181818
42566,78,54593,699.910256410256
42390,80,54530,681.625
42338,88,54441,618.647727272727
42602,88,54366,617.795454545455
27686,88,54357,617.693181818182
42425,85,54327,639.141176470588
42158,101,54313,537.752475247525
27443,37,54279,1467
42302,75,54262,723.493333333333
42495,99,54253,548.010101010101
42438,83,54132,652.192771084337
31347,102,54120,530.588235294118
42298,108,53969,499.712962962963
42451,82,53912,657.463414634146
42426,74,53891,728.256756756757
42350,82,53824,656.390243902439
42123,89,53787,604.348314606742
29405,101,53785,532.524752475248
31909,57,53690,941.929824561404
42325,98,53655,547.5
42412,63,53305,846.111111111111
42241,64,52965,827.578125
42196,107,52856,493.981308411215
27226,103,52806,512.679611650485
42391,91,52796,580.175824175824
42540,96,52772,549.708333333333
42563,77,52710,684.545454545455
42273,78,52698,675.615384615385
42541,88,52637,598.147727272727
42165,81,52606,649.456790123457
31698,83,52544,633.060240963856
42367,87,52399,602.287356321839
42198,99,52333,528.616161616162
31677,86,52188,606.837209302326
42403,111,52150,469.81981981982
42419,102,52135,511.127450980392
42542,66,51831,785.318181818182
28899,99,51738,522.606060606061
42613,87,51726,594.551724137931
39224,74,51665,698.175675675676
42130,111,51615,465
31771,118,51593,437.228813559322
42220,108,51436,476.259259259259
42427,99,51263,517.808080808081
42247,60,51240,854
42539,72,51223,711.430555555556
42148,104,51180,492.115384615385
27296,68,51121,751.779411764706
42223,85,51121,601.423529411765
42520,98,51074,521.163265306122
32795,109,51072,468.550458715596
42410,98,51071,521.132653061224
31718,103,50998,495.126213592233
16725,68,50947,749.220588235294
42269,86,50932,592.232558139535
42263,93,50823,546.483870967742
42211,98,50724,517.591836734694
42595,83,50571,609.289156626506
42173,100,50556,505.56
42238,101,50354,498.554455445545
31726,71,50352,709.183098591549
42590,83,50213,604.975903614458
42246,96,50195,522.864583333333
42261,75,50138,668.506666666667
27145,59,50098,849.118644067797
42526,84,50088,596.285714285714
27398,80,50017,625.2125
42592,59,49966,846.881355932204
42114,55,49937,907.945454545455
42152,76,49864,656.105263157895
31768,96,49830,519.0625
42122,83,49739,599.265060240964
42472,84,49725,591.964285714286
33574,98,49715,507.295918367347
42137,85,49699,584.694117647059
42235,105,49692,473.257142857143
31936,92,49593,539.054347826087
42297,79,49583,627.632911392405
42317,103,49540,480.970873786408
28673,77,49483,642.636363636364
31752,106,49468,466.679245283019
42504,63,49463,785.126984126984
42411,97,49443,509.721649484536
31682,91,49421,543.087912087912
42201,82,49125,599.085365853659
42433,86,49061,570.476744186047
25041,78,48860,626.410256410257
42370,91,48788,536.131868131868
42106,81,48779,602.20987654321
42193,95,48772,513.389473684211
42233,73,48756,667.890410958904
42330,88,48659,552.943181818182
42469,73,48655,666.506849315069
42299,109,48622,446.073394495413
25657,20,48422,2421.1
31693,86,48350,562.209302325581
42187,77,48342,627.818181818182
42115,90,48326,536.955555555556
42619,81,48299,596.283950617284
42407,83,48297,581.89156626506
42180,78,48016,615.589743589744
42406,94,47850,509.042553191489
42129,82,47824,583.219512195122
42547,79,47807,605.151898734177
42200,92,47802,519.586956521739
42279,64,47777,746.515625
42290,77,47777,620.48051948052
42164,90,47716,530.177777777778
42584,84,47604,566.714285714286
30356,85,47453,558.270588235294
42270,80,47422,592.775
42185,91,47258,519.318681318681
31764,99,47249,477.262626262626
25176,82,47211,575.743902439024
31729,82,47191,575.5
42468,64,47114,736.15625
25330,54,47051,871.314814814815
42218,101,47050,465.841584158416
42249,69,47016,681.391304347826
42183,73,46908,642.575342465754
42119,102,46709,457.93137254902
42144,86,46637,542.290697674419
42116,86,46620,542.093023255814
42422,85,46535,547.470588235294
42259,65,46376,713.476923076923
42109,96,46366,482.979166666667
42477,72,46334,643.527777777778
42240,72,46310,643.194444444444
42172,92,46194,502.108695652174
31921,87,46104,529.931034482759
42415,65,46089,709.061538461539
26734,89,46079,517.741573033708
42209,78,46031,590.141025641026
42328,53,46024,868.377358490566
42167,80,46002,575.025
42136,82,45960,560.487804878049
42601,81,45879,566.407407407407
42343,90,45878,509.755555555556
42151,69,45800,663.768115942029
42365,87,45589,524.011494252874
42138,81,45544,562.271604938272
31741,102,45529,446.362745098039
42248,62,45431,732.758064516129
31736,95,45394,477.831578947369
42531,68,45209,664.838235294118
42214,75,45205,602.733333333333
42306,101,45028,445.821782178218
42389,96,44980,468.541666666667
31746,81,44937,554.777777777778
31948,76,44877,590.486842105263
42462,71,44775,630.633802816901
31913,71,44690,629.43661971831
42329,97,44675,460.567010309278
42418,71,44643,628.774647887324
42342,86,44602,518.627906976744
42360,80,44600,557.5
42125,83,44434,535.349397590362
42356,95,44397,467.336842105263
42507,67,44339,661.776119402985
24892,69,44150,639.855072463768
42361,86,44106,512.860465116279
42216,75,44011,586.813333333333
42455,65,44003,676.969230769231
42478,96,43993,458.260416666667
24844,82,43891,535.256097560976
42452,76,43847,576.934210526316
32116,73,43799,599.986301369863
42400,68,43653,641.955882352941
42603,79,43598,551.873417721519
42484,103,43570,423.009708737864
42308,77,43453,564.324675324675
35377,72,43434,603.25
42288,75,43426,579.013333333333
42580,82,43323,528.329268292683
42615,93,43084,463.268817204301
31945,92,43072,468.173913043478
27728,98,42948,438.244897959184
27692,47,42798,910.595744680851
42527,82,42641,520.012195121951
42192,81,42632,526.320987654321
42515,75,42565,567.533333333333
29978,73,42526,582.547945205479
42383,74,42443,573.554054054054
31815,90,42370,470.777777777778
31871,86,42363,492.593023255814
42332,94,42243,449.393617021277
31734,77,42158,547.506493506494
42583,30,42013,1400.43333333333
42275,57,41968,736.280701754386
42500,74,41959,567.013513513514
42416,75,41930,559.066666666667
28956,73,41876,573.643835616438
31676,84,41769,497.25
28918,86,41665,484.476744186047
15561,76,41649,548.013157894737
42392,81,41600,513.58024691358
32692,48,41381,862.104166666667
30843,98,41378,422.224489795918
42252,78,41370,530.384615384615
42524,102,41344,405.333333333333
42357,71,41168,579.830985915493
21610,56,41030,732.678571428571
31905,87,40855,469.597701149425
33678,42,40685,968.690476190476
42614,83,40579,488.903614457831
42399,92,40578,441.065217391304
42387,73,40549,555.465753424658
18582,51,40390,791.960784313726
42543,73,40365,552.945205479452
31770,59,40211,681.542372881356
42458,88,40143,456.170454545455
42231,80,40106,501.325
29356,82,40033,488.207317073171
42402,62,40020,645.483870967742
31703,62,40017,645.435483870968
42591,62,40013,645.370967741936
42135,74,39976,540.216216216216
42489,84,39960,475.714285714286
31957,78,39947,512.141025641026
42413,76,39862,524.5
31685,77,39822,517.168831168831
42634,69,39819,577.086956521739
42481,70,39782,568.314285714286
31749,71,39777,560.239436619718
30575,26,39731,1528.11538461538
42464,53,39731,749.641509433962
42482,85,39586,465.717647058824
42169,57,39567,694.157894736842
42320,63,39565,628.015873015873
19363,64,39418,615.90625
42435,56,39343,702.553571428572
31745,80,39292,491.15
42163,92,39190,425.978260869565
42434,41,39152,954.926829268293
42289,81,39098,482.691358024691
42492,79,39068,494.53164556962
16703,97,38972,401.773195876289
42516,82,38899,474.378048780488
42404,75,38880,518.4
42396,56,38843,693.625
42175,72,38841,539.458333333333
42423,75,38841,517.88
42293,80,38832,485.4
42257,90,38788,430.977777777778
27241,67,38752,578.388059701493
33655,62,38748,624.967741935484
42145,70,38645,552.071428571429
42260,51,38582,756.509803921569
31876,68,38508,566.294117647059
42315,76,38472,506.21052631579
27765,56,38427,686.196428571429
42463,73,38373,525.657534246575
31724,61,38167,625.688524590164
42439,68,38153,561.073529411765
42473,76,38149,501.96052631579
26959,72,38116,529.388888888889
33744,83,38000,457.831325301205
42593,64,37963,593.171875
42585,64,37799,590.609375
42417,66,37788,572.545454545455
42581,37,37783,1021.16216216216
42393,77,37780,490.649350649351
31919,63,37768,599.492063492064
42191,77,37617,488.532467532468
42534,54,37554,695.444444444444
42271,65,37504,576.984615384615
42443,46,37389,812.804347826087
33637,68,37377,549.661764705882
21034,45,37303,828.955555555556
31757,73,37245,510.205479452055
42323,65,37225,572.692307692308
18566,49,37126,757.673469387755
42287,78,37078,475.358974358974
31707,81,37062,457.555555555556
42245,67,36974,551.850746268657
32046,62,36971,596.306451612903
42487,85,36957,434.788235294118
42457,66,36866,558.575757575758
31916,65,36772,565.723076923077
31723,79,36743,465.101265822785
42159,51,36691,719.43137254902
42225,69,36630,530.869565217391
42525,71,36623,515.816901408451
42170,76,35932,472.789473684211
31408,64,35835,559.921875
25502,74,35790,483.648648648649
31679,73,35705,489.109589041096
42517,63,35674,566.253968253968
16803,40,35592,889.8
42307,55,35551,646.381818181818
42454,73,35273,483.191780821918
40851,30,35113,1170.43333333333
31883,66,35023,530.651515151515
42118,46,34899,758.673913043478
39363,66,34751,526.530303030303
42544,60,34704,578.4
31692,54,34634,641.37037037037
31443,69,34610,501.594202898551
42268,84,34585,411.72619047619
42202,70,34441,492.014285714286
26437,58,34403,593.155172413793
29039,55,34393,625.327272727273
27008,67,34367,512.940298507463
42471,61,34303,562.344262295082
31696,69,34297,497.057971014493
31922,78,34107,437.269230769231
42346,68,34086,501.264705882353
28392,53,34080,643.018867924528
42501,77,34057,442.298701298701
42384,50,33952,679.04
21399,41,33910,827.073170731707
21625,54,33846,626.777777777778
42375,57,33814,593.228070175439
26154,68,33627,494.514705882353
31806,19,33600,1768.42105263158
29091,67,33570,501.044776119403
42569,43,33443,777.744186046512
42131,82,33338,406.560975609756
31930,62,33233,536.016129032258
42440,56,33217,593.160714285714
18533,30,33209,1106.96666666667
27997,80,33152,414.4
42600,72,32966,457.861111111111
42226,75,32924,438.986666666667
42596,83,32923,396.66265060241
42348,51,32908,645.254901960784
42283,61,32902,539.377049180328
42300,30,32796,1093.2
40092,49,32571,664.714285714286
42552,48,32562,678.375
14977,49,32528,663.836734693878
42206,61,32475,532.377049180328
42485,58,32462,559.689655172414
19473,57,32388,568.21052631579
42548,45,32240,716.444444444444
33815,53,32094,605.547169811321
26816,57,31920,560
42374,61,31879,522.606557377049
42333,41,31712,773.463414634146
42324,74,31680,428.108108108108
42533,55,31626,575.018181818182
42377,81,31387,387.493827160494
31844,55,31376,570.472727272727
42301,64,31353,489.890625
42316,61,30913,506.770491803279
17680,44,30836,700.818181818182
42597,60,30750,512.5
31730,64,30710,479.84375
31928,59,30551,517.813559322034
42339,91,30409,334.164835164835
42561,52,30263,581.980769230769
31881,64,30181,471.578125
31699,69,30077,435.898550724638
42232,58,30053,518.155172413793
42190,55,30015,545.727272727273
42295,54,29917,554.018518518519
42460,33,29861,904.878787878788
31863,69,29651,429.724637681159
42555,68,29627,435.691176470588
30598,53,29540,557.358490566038
27580,13,29500,2269.23076923077
31852,46,29490,641.086956521739
42149,60,29443,490.716666666667
42398,63,29385,466.428571428572
42635,69,29268,424.173913043478
42570,26,28825,1108.65384615385
42493,66,28796,436.30303030303
42610,56,28656,511.714285714286
35124,36,28638,795.5
15665,45,28439,631.977777777778
41539,45,28301,628.911111111111
42436,44,28298,643.136363636364
16895,67,28274,422
42636,50,28253,565.06
42286,57,28247,495.561403508772
31624,53,28171,531.528301886792
32062,50,28068,561.36
41769,54,27898,516.62962962963
18682,54,27740,513.703703703704
28883,55,27525,500.454545454546
42372,61,27479,450.475409836066
34311,54,27387,507.166666666667
42405,54,27376,506.962962962963
42475,69,27279,395.347826086957
15814,32,26976,843
41356,23,26931,1170.91304347826
29360,39,26893,689.564102564103
42414,43,26782,622.837209302326
25852,45,26283,584.066666666667
42319,53,26157,493.528301886793
42386,57,26081,457.561403508772
33601,44,25931,589.340909090909
20598,34,25680,755.294117647059
42505,53,25532,481.735849056604
29931,32,25486,796.4375
42629,55,25389,461.618181818182
17489,27,25256,935.407407407407
42437,54,25205,466.759259259259
31824,39,25113,643.923076923077
33070,10,25019,2501.9
28636,33,24987,757.181818181818
15114,47,24934,530.510638297872
42441,43,24870,578.372093023256
28045,31,24863,802.032258064516
16528,39,24732,634.153846153846
30607,27,24705,915
30568,43,24613,572.395348837209
42449,54,24508,453.851851851852
42448,43,24425,568.023255813954
42607,57,24158,423.824561403509
42139,50,24042,480.84
42456,38,24017,632.026315789474
18416,40,23982,599.55
30842,49,23937,488.510204081633
31821,34,23924,703.647058823529
42625,69,23559,341.434782608696
15854,46,23437,509.5
18133,38,23402,615.842105263158
14991,43,23293,541.697674418605
42465,34,23291,685.029411764706
14556,34,23267,684.323529411765
25351,36,23251,645.861111111111
31924,43,23176,538.976744186047
42565,40,23085,577.125
33068,45,23060,512.444444444444
31837,49,23041,470.224489795918
42453,51,22909,449.196078431373
42395,36,22904,636.222222222222
42355,48,22672,472.333333333333
31906,46,22667,492.760869565217
27258,47,22620,481.276595744681
40368,49,22601,461.244897959184
27956,41,22239,542.414634146341
26637,44,22152,503.454545454545
24822,36,21834,606.5
41227,31,21755,701.774193548387
15162,21,21754,1035.90476190476
42243,46,21580,469.130434782609
42105,49,21337,435.448979591837
42573,42,21104,502.476190476191
42334,30,20973,699.1
30386,46,20899,454.326086956522
30560,43,20806,483.860465116279
27822,38,20755,546.184210526316
42616,35,20604,588.685714285714
27550,25,20528,821.12
18968,21,20329,968.047619047619
19976,25,20310,812.4
30532,42,20181,480.5
16482,33,20035,607.121212121212
31810,49,19963,407.408163265306
22467,59,19930,337.796610169492
31720,49,19909,406.30612244898
15567,31,19826,639.548387096774
26466,51,19764,387.529411764706
42537,34,19728,580.235294117647
16824,23,19682,855.739130434783
25116,27,19584,725.333333333333
16813,39,19546,501.179487179487
32427,52,19438,373.807692307692
17098,61,19230,315.245901639344
38563,22,19117,868.954545454545
41097,30,19110,637
28731,33,19090,578.484848484849
29773,51,18938,371.333333333333
20068,43,18727,435.511627906977
18249,18,18674,1037.44444444444
27606,14,18644,1331.71428571429
31758,43,18448,429.023255813954
19977,22,18388,835.818181818182
20242,32,18364,573.875
27278,26,18214,700.538461538462
42351,32,18021,563.15625
25603,1,18004,18004
15158,35,17924,512.114285714286
42579,29,17894,617.034482758621
31426,22,17812,809.636363636364
18414,9,17760,1973.33333333333
15582,12,17689,1474.08333333333
16889,40,17647,441.175
15385,32,17595,549.84375
39059,11,17523,1593
42378,14,17523,1251.64285714286
42277,45,17481,388.466666666667
26736,19,17355,913.421052631579
35009,37,17205,465
42519,41,17174,418.878048780488
32436,19,17071,898.473684210526
31775,32,17041,532.53125
41913,14,16999,1214.21428571429
15384,22,16928,769.454545454546
42622,29,16876,581.931034482759
41406,34,16854,495.705882352941
28795,25,16750,670
21648,13,16712,1285.53846153846
18893,23,16660,724.347826086957
27011,38,16497,434.131578947368
29567,32,16486,515.1875
42379,37,16339,441.594594594595
40063,17,16296,958.588235294118
31660,39,16053,411.615384615385
38231,37,15573,420.891891891892
15271,28,15322,547.214285714286
31740,30,15181,506.033333333333
21274,33,15058,456.30303030303
18834,17,15045,885
38392,25,15043,601.72
30057,40,14890,372.25
28771,39,14740,377.948717948718
39152,22,14737,669.863636363636
38063,28,14629,522.464285714286
18216,26,14625,562.5
18251,16,14581,911.3125
14793,18,14509,806.055555555556
31748,38,14501,381.605263157895
40790,9,14497,1610.77777777778
42498,36,14310,397.5
34183,12,14203,1183.58333333333
34354,31,14178,457.354838709678
35652,15,13992,932.8
20897,7,13970,1995.71428571429
27836,22,13962,634.636363636364
19825,34,13936,409.882352941176
26036,32,13866,433.3125
29386,19,13836,728.21052631579
35023,15,13512,900.8
32287,38,13333,350.868421052632
41685,10,13326,1332.6
26806,26,13314,512.076923076923
25963,10,13242,1324.2
42140,34,13200,388.235294117647
28025,16,13018,813.625
17533,25,12942,517.68
24967,11,12926,1175.09090909091
31805,11,12752,1159.27272727273
18885,22,12724,578.363636363636
26449,13,12626,971.230769230769
15299,17,12555,738.529411764706
25079,22,12510,568.636363636364
42262,31,12288,396.387096774194
42461,31,12209,393.838709677419
21326,26,12117,466.038461538462
38305,23,12107,526.391304347826
33060,27,11968,443.259259259259
27641,24,11864,494.333333333333
16215,14,11453,818.071428571429
15444,15,11279,751.933333333333
16436,10,11267,1126.7
29081,15,11093,739.533333333333
21057,24,11031,459.625
24641,14,11011,786.5
42179,23,10986,477.652173913044
40517,7,10971,1567.28571428571
26348,14,10861,775.785714285714
34038,15,10829,721.933333333333
19318,26,10798,415.307692307692
27638,12,10636,886.333333333333
16296,30,10565,352.166666666667
20783,17,10553,620.764705882353
39463,27,10535,390.185185185185
28159,30,10520,350.666666666667
20694,30,10432,347.733333333333
25286,17,10334,607.882352941177
15320,14,10224,730.285714285714
29017,19,10183,535.947368421053
40976,14,10158,725.571428571429
24485,7,10154,1450.57142857143
20767,23,10149,441.260869565217
27743,29,10065,347.068965517241
14792,22,9916,450.727272727273
14967,6,9859,1643.16666666667
26840,24,9625,401.041666666667
17685,17,9613,565.470588235294
18232,11,9604,873.090909090909
40469,7,9578,1368.28571428571
27808,8,9377,1172.125
27539,19,9351,492.157894736842
27818,18,9305,516.944444444444
20941,8,9125,1140.625
26597,5,9087,1817.4
15250,13,8881,683.153846153846
21215,18,8867,492.611111111111
21491,20,8746,437.3
20248,14,8690,620.714285714286
42624,15,8642,576.133333333333
21336,13,8459,650.692307692308
39322,11,8442,767.454545454546
18825,21,8405,400.238095238095
17502,17,8276,486.823529411765
34158,11,8210,746.363636363636
15975,22,8198,372.636363636364
27185,9,8166,907.333333333333
15947,26,8126,312.538461538462
16357,16,8022,501.375
33887,7,7976,1139.42857142857
26079,23,7857,341.608695652174
24504,10,7856,785.6
42222,20,7812,390.6
27999,17,7802,458.941176470588
15363,9,7625,847.222222222222
16590,11,7621,692.818181818182
28543,14,7598,542.714285714286
20218,18,7535,418.611111111111
17285,13,7445,572.692307692308
16648,18,7442,413.444444444445
29964,17,7409,435.823529411765
17273,14,7404,528.857142857143
19829,9,7380,820
20041,15,7371,491.4
42588,24,7325,305.208333333333
17381,18,7297,405.388888888889
38454,11,7031,639.181818181818
24860,6,7026,1171
27228,17,6987,411
14863,10,6937,693.7
32239,13,6919,532.230769230769
41001,10,6818,681.8
30030,12,6568,547.333333333333
24522,10,6464,646.4
19239,15,6438,429.2
28143,5,6408,1281.6
34676,10,6392,639.2
42207,12,6387,532.25
15670,10,6158,615.8
42345,9,6090,676.666666666667
19999,5,6001,1200.2
20000,11,5977,543.363636363636
16411,9,5840,648.888888888889
32878,13,5833,448.692307692308
19366,3,5830,1943.33333333333
19832,18,5785,321.388888888889
34292,13,5758,442.923076923077
18848,5,5742,1148.4
19853,7,5728,818.285714285714
38358,6,5663,943.833333333333
34791,10,5650,565
20085,7,5626,803.714285714286
19151,10,5580,558
38511,8,5546,693.25
25292,7,5532,790.285714285714
24398,6,5384,897.333333333333
42304,17,5303,311.941176470588
28037,5,5257,1051.4
18388,4,5169,1292.25
40971,15,5148,343.2
24455,5,5134,1026.8
14716,3,5070,1690
42294,15,4964,330.933333333333
32356,9,4951,550.111111111111
30267,1,4928,4928
15021,9,4904,544.888888888889
19802,18,4873,270.722222222222
42530,8,4872,609
21419,16,4804,300.25
16974,14,4788,342
19472,7,4737,676.714285714286
32648,9,4732,525.777777777778
29632,6,4731,788.5
28379,8,4723,590.375
24631,3,4547,1515.66666666667
25520,8,4512,564
28081,6,4480,746.666666666667
18734,4,4458,1114.5
25797,7,4408,629.714285714286
32077,8,4378,547.25
18345,13,4363,335.615384615385
28425,8,4287,535.875
15727,9,4255,472.777777777778
35283,8,4235,529.375
18570,2,4130,2065
20683,14,4097,292.642857142857
25277,10,4091,409.1
24474,8,4065,508.125
21106,1,4046,4046
15942,10,3982,398.2
17020,7,3896,556.571428571429
33353,8,3886,485.75
35248,8,3876,484.5
17976,6,3857,642.833333333333
20654,5,3842,768.4
19403,8,3787,473.375
17315,15,3747,249.8
38759,5,3671,734.2
28547,4,3574,893.5
25904,4,3563,890.75
21460,7,3469,495.571428571429
28862,4,3451,862.75
18853,4,3322,830.5
24501,10,3312,331.2
26082,6,3278,546.333333333333
14956,5,3262,652.4
27504,3,3232,1077.33333333333
24624,4,3162,790.5
16497,12,3147,262.25
15417,4,3104,776
21474,9,3078,342
24473,6,3078,513
24520,2,3065,1532.5
18026,2,3053,1526.5
21133,3,3044,1014.66666666667
33097,6,3035,505.833333333333
19327,6,3004,500.666666666667
27705,5,2991,598.2
42253,7,2932,418.857142857143
20217,1,2921,2921
16839,9,2897,321.888888888889
34146,6,2891,481.833333333333
29008,9,2860,317.777777777778
24478,7,2849,407
24659,3,2842,947.333333333333
24675,6,2829,471.5
33456,5,2765,553
20576,5,2737,547.4
28519,2,2722,1361
14945,6,2678,446.333333333333
39523,10,2671,267.1
16768,4,2650,662.5
18408,4,2633,658.25
32750,4,2631,657.75
21242,5,2609,521.8
26790,10,2607,260.7
27986,6,2592,432
28716,7,2587,369.571428571429
14697,11,2572,233.818181818182
17260,6,2556,426
31869,2,2464,1232
39206,3,2437,812.333333333333
21239,7,2402,343.142857142857
35358,2,2400,1200
16312,5,2324,464.8
19418,5,2310,462
18357,6,2295,382.5
24518,5,2273,454.6
38675,1,2261,2261
24978,7,2257,322.428571428571
24470,1,2245,2245
20835,6,2234,372.333333333333
38937,4,2233,558.25
18535,5,2188,437.6
34155,1,2123,2123
21412,7,2008,286.857142857143
41498,2,1958,979
15387,4,1922,480.5
31263,1,1910,1910
24573,4,1903,475.75
21562,4,1889,472.25
17619,5,1857,371.4
39591,2,1829,914.5
20543,1,1795,1795
25150,5,1769,353.8
17432,6,1766,294.333333333333
24541,1,1702,1702
27626,1,1688,1688
31602,5,1667,333.4
19989,4,1645,411.25
15331,4,1573,393.25
24409,1,1548,1548
24688,1,1483,1483
30333,3,1463,487.666666666667
40950,3,1457,485.666666666667
14578,3,1432,477.333333333333
20046,5,1418,283.6
42491,2,1417,708.5
24713,4,1409,352.25
27574,2,1403,701.5
25730,2,1396,698
21656,2,1361,680.5
18541,4,1334,333.5
20015,5,1327,265.4
24550,2,1264,632
24516,2,1254,627
31129,4,1235,308.75
20994,2,1174,587
16584,2,1151,575.5
18512,3,1151,383.666666666667
24687,1,1121,1121
19421,3,1108,369.333333333333
28982,3,1067,355.666666666667
26832,2,1029,514.5
31472,1,1026,1026
26649,4,1015,253.75
14529,3,1012,337.333333333333
34664,1,997,997
18545,2,982,491
24549,3,966,322
24460,3,956,318.666666666667
24907,2,906,453
42284,1,874,874
16218,1,871,871
19265,2,858,429
20778,1,848,848
27468,1,843,843
32125,4,836,209
29757,1,824,824
15345,1,789,789
30501,1,778,778
21124,1,772,772
38059,3,761,253.666666666667
24695,2,756,378
27499,3,745,248.333333333333
21292,1,722,722
24615,2,701,350.5
24648,1,698,698
17111,4,696,174
39236,2,663,331.5
31670,1,658,658
26146,2,655,327.5
32346,3,618,206
21310,1,579,579
16326,2,549,274.5
28579,3,545,181.666666666667
20083,2,535,267.5
28804,3,508,169.333333333333
17348,2,504,252
26752,1,487,487
24677,2,464,232
24681,1,451,451
24471,1,417,417
21513,1,414,414
24433,1,359,359
24463,1,352,352
19354,1,346,346
16032,1,340,340
24377,1,340,340
32588,1,311,311
24608,1,295,295
24649,1,278,278
15035,1,271,271
18292,1,263,263
17004,1,261,261
25415,1,247,247
18621,1,214,214
24406,1,185,185
24690,1,183,183
19637,1,167,167
24461,1,162,162
20823,1,156,156
24513,1,153,153
