"","stationId","stationName","latitude","longitude","under20","under40","under60","under80"
"1","116","W 17 St & 8 Ave",40.74178,-74.0015,47,5825,2602,359
"2","119","Park Ave & St Edwards St",40.69608941,-73.97803415,17,265,305,6
"3","120","Lexington Ave & Classon Ave",40.68676793,-73.95928168,4,502,347,30
"4","127","Barrow St & Hudson St",40.73172428,-74.00674436,3,4832,3328,586
"5","128","MacDougal St & Prince St",40.72710258,-74.00297088,74,7312,3428,469
"6","143","Clinton St & Joralemon St",40.69239502,-73.99337909,10,2533,2602,253
"7","144","Nassau St & Navy St",40.69839895,-73.98068914,10,1053,563,42
"8","146","Hudson St & Reade St",40.71625008,-74.0091059,6,2420,1868,497
"9","150","E 2 St & Avenue C",40.7208736,-73.98085795,113,1567,1130,128
"10","151","Cleveland Pl & Spring St",40.722103786686,-73.997249007225,5,7232,3834,568
"11","157","Henry St & Atlantic Ave",40.69089272,-73.99612349,1,884,755,141
"12","161","LaGuardia Pl & W 3 St",40.72917025,-73.99810231,20,4314,1646,341
"13","164","E 47 St & 2 Ave",40.75323098,-73.97032517,5,5316,4505,508
"14","167","E 39 St & 3 Ave",40.7489006,-73.97604882,7,7418,3610,845
"15","168","W 18 St & 6 Ave",40.73971301,-73.99456405,34,10125,4788,1165
"16","173","Broadway & W 49 St",40.7606832709659,-73.9845272898674,8,9240,6746,1065
"17","174","E 25 St & 1 Ave",40.7381765,-73.97738662,99,3740,2343,710
"18","195","Liberty St & Broadway",40.70905623,-74.01043382,27,5953,3871,781
"19","2000","Front St & Washington St",40.70255088,-73.98940236,11,3732,2225,183
"20","2002","Wythe Ave & Metropolitan Ave",40.716887,-73.963198,6,3720,1505,53
"21","2003","1 Ave & E 18 St",40.7338121919663,-73.9805442094803,14,3096,1642,386
"22","2005","Railroad Ave & Kay Ave",40.70531194,-73.97100056,37,239,126,60
"23","2006","Central Park S & 6 Ave",40.76590936,-73.97634151,25,5279,5079,1016
"24","2008","Little West St & 1 Pl",40.70569254,-74.01677685,33,2539,2820,617
"25","2009","Catherine St & Monroe St",40.71117444,-73.99682619,13,876,932,301
"26","2012","E 27 St & 1 Ave",40.739445,-73.976806,5,5873,3272,954
"27","2017","E 43 St & 2 Ave",40.75022392,-73.97121414,6,2537,2763,398
"28","2021","W 45 St & 8 Ave",40.75929124,-73.98859651,8,2133,1751,456
"29","2022","E 60 St & York Ave",40.759107,-73.959223,3,794,948,159
"30","2023","E 55 St & Lexington Ave",40.75968085,-73.97031366,0,2667,2271,351
"31","212","W 16 St & The High Line",40.74334935,-74.00681753,5,8128,3980,451
"32","216","Columbia Heights & Cranberry St",40.70037867,-73.99548059,4,244,331,92
"33","217","Old Fulton St",40.70277159,-73.99383605,21,2828,2387,302
"34","223","W 13 St & 7 Ave",40.73781509,-73.99994661,17,3811,2271,660
"35","224","Spruce St & Nassau St",40.71146364,-74.00552427,13,2248,1496,444
"36","228","E 48 St & 3 Ave",40.7546011026,-73.971878855,0,4945,2851,277
"37","229","Great Jones St",40.72743423,-73.99379025,8,8351,3164,661
"38","236","St Marks Pl & 2 Ave",40.7284186,-73.98713956,6,2442,1292,360
"39","237","E 11 St & 2 Ave",40.73047309,-73.98672378,9,2530,1642,199
"40","238","Bank St & Washington St",40.7361967,-74.00859207,17,1407,1083,265
"41","239","Willoughby St & Fleet St",40.69196566,-73.9813018,19,3444,2021,195
"42","241","DeKalb Ave & S Portland Ave",40.68981035,-73.97493121,8,1682,1006,59
"43","242","Carlton Ave & Flushing Ave",40.697787,-73.973736,0,1492,919,97
"44","243","Fulton St & Rockwell Pl",40.688226,-73.979382,2,1845,1030,136
"45","244","Willoughby Ave & Hall St",40.69196035,-73.96536851,2,751,617,23
"46","245","Myrtle Ave & St Edwards St",40.69327018,-73.97703874,2,525,591,68
"47","247","Perry St & Bleecker St",40.73535398,-74.00483091,1,1141,840,166
"48","248","Laight St & Hudson St",40.72185379,-74.00771779,0,1376,1001,84
"49","249","Harrison St & Hudson St",40.71870987,-74.0090009,3,2449,1177,295
"50","250","Lafayette St & Jersey St",40.72456,-73.99565,7,1435,613,140
"51","251","Mott St & Prince St",40.72317958,-73.99480012,7,4487,2232,399
"52","252","MacDougal St & Washington Sq",40.73226398,-73.99852205,6,2673,1219,263
"53","254","W 11 St & 6 Ave",40.73532427,-73.99800419,13,3072,1969,419
"54","257","Lispenard St & Broadway",40.71939226,-74.00247214,26,6016,2806,295
"55","258","DeKalb Ave & Vanderbilt Ave",40.68940747,-73.96885458,13,709,646,58
"56","259","South St & Whitehall St",40.70122128,-74.01234218,35,3232,2548,496
"57","260","Broad St & Bridge St",40.70365182,-74.01167797,23,2353,1657,283
"58","261","Johnson St & Gold St",40.69474881,-73.98362464,3,1194,749,116
"59","262","Washington Park",40.6917823,-73.9737299,0,508,449,49
"60","264","Maiden Ln & Pearl St",40.70706456,-74.00731853,2,2727,1556,295
"61","265","Stanton St & Chrystie St",40.72229346,-73.99147535,12,2539,1556,306
"62","266","Avenue D & E 8 St",40.72368361,-73.97574813,15,918,583,91
"63","267","Broadway & W 36 St",40.75097711,-73.98765428,3,2148,1419,391
"64","268","Howard St & Centre St",40.71910537,-73.99973337,8,4434,2306,459
"65","270","Adelphi St & Myrtle Ave",40.69308257,-73.97178913,14,732,539,21
"66","274","Lafayette Ave & Fort Greene Pl",40.68691865,-73.976682,66,1410,1408,113
"67","275","Washington Ave & Greene Ave",40.68650065,-73.96563307,2,550,491,57
"68","276","Duane St & Greenwich St",40.71748752,-74.0104554,2,1676,1415,423
"69","278","Concord St & Bridge St",40.69766564,-73.98476437,3,732,496,79
"70","279","Peck Slip & Front St",40.707873,-74.00167,12,2575,2403,283
"71","280","E 10 St & 5 Ave",40.73331967,-73.99510132,19,2967,1836,422
"72","281","Grand Army Plaza & Central Park S",40.7643971,-73.97371465,23,9269,9759,1556
"73","282","Kent Ave & S 11 St",40.7076449441757,-73.9684152603149,0,1353,781,70
"74","284","Greenwich Ave & 8 Ave",40.73902,-74.00264,11,5775,2749,438
"75","285","Broadway & E 14 St",40.73454567,-73.99074142,54,11482,5050,1162
"76","289","Monroe St & Classon Ave",40.6845683,-73.95881081,7,436,242,13
"77","291","Madison St & Montgomery St",40.713126,-73.984844,12,778,707,157
"78","293","Lafayette St & E 8 St",40.7302066052995,-73.9910262823105,40,10816,4438,603
"79","295","Pike St & E Broadway",40.71406667,-73.99293911,10,1059,1153,252
"80","296","Division St & Bowery",40.71413089,-73.9970468,33,1898,2176,563
"81","297","E 15 St & 3 Ave",40.734232,-73.986923,44,5361,2617,479
"82","298","3 Ave & Schermerhorn St",40.68683208,-73.9796772,4,1241,687,80
"83","3002","South End Ave & Liberty St",40.711512,-74.015756,11,6705,5073,677
"84","301","E 2 St & Avenue B",40.72217444,-73.98368779,15,2613,1114,152
"85","3016","Kent Ave & N 7 St",40.7203677529846,-73.9616507291794,5,3611,1713,93
"86","302","Avenue D & E 3 St",40.72082834,-73.97793172,74,1194,969,319
"87","303","Mercer St & Spring St",40.72362738,-73.99949601,14,4527,2695,423
"88","304","Broadway & Battery Pl",40.70463334,-74.01361706,16,7421,6860,1403
"89","3040","Handlebar @ Gowanus",40.6698,-73.99498,0,6,0,0
"90","3041","Kingston Ave & Herkimer St",40.67890679,-73.94142771,6,683,191,63
"91","3042","Fulton St & Utica Ave",40.6794268,-73.9298911,4,682,499,65
"92","3043","Lewis Ave & Decatur St",40.6814598,-73.934903,1,347,165,62
"93","3044","Albany Ave & Fulton St",40.6800105,-73.938475,10,229,137,9
"94","3046","Marcus Garvey Blvd & Macon St",40.682601,-73.938037,0,407,205,4
"95","3047","Halsey St & Tompkins Ave",40.6823687,-73.944118,2,435,235,24
"96","3048","Putnam Ave & Nostrand Ave",40.68402,-73.94977,0,333,228,38
"97","3049","Cambridge Pl & Gates Ave",40.68488,-73.96304,3,515,199,103
"98","305","E 58 St & 3 Ave",40.76095756,-73.96724467,12,4318,4917,734
"99","3050","Putnam Ave & Throop Ave",40.6851532,-73.94111,0,421,273,7
"100","3052","Lewis Ave & Madison St",40.686312,-73.935775,0,524,197,3
"101","3053","Marcy Ave & Lafayette Ave",40.6900815,-73.947915,1,581,157,7
"102","3054","Greene Ave & Throop Ave",40.6894932,-73.942061,1,370,155,2
"103","3055","Greene Ave & Nostrand Ave",40.6883337,-73.950916,2,753,133,7
"104","3056","Kosciuszko St & Nostrand Ave",40.69072549,-73.95133465,10,779,255,6
"105","3057","Kosciuszko St & Tompkins Ave",40.69128258,-73.9452416,0,470,174,0
"106","3058","Lewis Ave & Kosciuszko St",40.69237074,-73.93705428,10,545,117,3
"107","3059","Pulaski St & Marcus Garvey Blvd",40.6933982,-73.939877,15,267,170,2
"108","3060","Willoughby Ave & Tompkins Ave",40.69425403,-73.94626915,3,451,142,4
"109","3061","Throop Ave & Myrtle Ave",40.69622937,-73.94371094,3,326,149,4
"110","3062","Myrtle Ave & Marcy Ave",40.69539817,-73.94954908,8,1050,412,56
"111","3063","Nostrand Ave & Myrtle Ave",40.69527008,-73.95238108,8,331,184,8
"112","3064","Myrtle Ave & Lewis Ave",40.69681963,-73.93756926,8,1592,599,17
"113","3065","Union Ave & Wallabout St",40.70029511,-73.95032283,38,612,245,42
"114","3066","Tompkins Ave & Hopkins St",40.69957608,-73.94708417,3,933,244,10
"115","3067","Broadway & Whipple St",40.7016657,-73.9437303,4,903,318,28
"116","3068","Humboldt St & Varet St",40.7031724,-73.940636,10,421,197,3
"117","3069","Lorimer St & Broadway",40.70411791,-73.94818595,4,938,319,21
"118","307","Canal St & Rutgers St",40.71427487,-73.98990025,30,2922,2516,517
"119","3070","McKibbin St & Manhattan Ave",40.70510918,-73.94407279,1,321,145,3
"120","3071","Boerum St & Broadway",40.70538077,-73.94976519,4,693,287,38
"121","3072","Leonard St & Boerum St",40.70583339,-73.94644578,1,436,121,1
"122","3074","Montrose Ave & Bushwick Ave",40.70767788,-73.94016171,11,1128,400,19
"123","3075","Division Ave & Marcy Ave",40.70708701,-73.95796783,0,439,171,20
"124","3076","Scholes St & Manhattan Ave",40.70870368,-73.9448625,1,949,335,11
"125","3077","Stagg St & Union Ave",40.70877084,-73.95095259,1,864,267,9
"126","3078","Broadway & Roebling St",40.7092482627616,-73.9606314897537,8,3065,1128,60
"127","308","St James Pl & Oliver St",40.71307916,-73.99851193,22,1212,1050,323
"128","3080","S 4 St & Rodney St",40.70934,-73.95608,0,1416,370,11
"129","3081","Graham Ave & Grand St",40.711863,-73.944024,6,927,428,20
"130","3082","Hope St & Union Ave",40.71167351,-73.95141312,4,1381,446,40
"131","3083","Bushwick Ave & Powers St",40.71247661,-73.94100005,1,604,217,6
"132","3085","Roebling St & N 4 St",40.71469,-73.95739,1,1391,436,11
"133","3086","Graham Ave & Conselyea St",40.715143,-73.944507,3,3410,930,89
"134","3087","Metropolitan Ave & Meeker Ave",40.71413311,-73.95234386,7,1713,690,27
"135","3088","Union Ave & Jackson St",40.7160751,-73.952029,1,604,171,5
"136","309","Murray St & West St",40.7149787,-74.013012,12,5529,2879,328
"137","3092","Berry St & N 8 St",40.7190095,-73.95852515,33,3627,1491,59
"138","3093","N 6 St & Bedford Ave",40.71745169,-73.95850939,3,5241,1923,117
"139","3094","Graham Ave & Withers St",40.7169811,-73.94485918,0,892,261,9
"140","3095","Graham Ave & Herbert St",40.71929301,-73.94500379,0,581,142,4
"141","3096","Union Ave & N 12 St",40.71924,-73.95242,1,1895,835,35
"142","310","State St & Smith St",40.68926942,-73.98912867,1,1581,1270,226
"143","3100","Nassau Ave & Newell St",40.7248125644002,-73.947526216507,0,1114,473,88
"144","3101","N 12 St & Bedford Ave",40.72079821,-73.95484712,5,2060,860,25
"145","3102","Driggs Ave & Lorimer St",40.72179134,-73.9504154,0,1153,427,34
"146","3105","N 15 St & Wythe Ave",40.724055,-73.955736,0,571,328,10
"147","3106","Driggs Ave & N Henry St",40.72325,-73.94308,1,738,396,16
"148","3107","Bedford Ave & Nassau Ave",40.72311651,-73.95212324,0,2272,902,43
"149","3108","Nassau Ave & Russell St",40.72557,-73.94434,0,1235,780,119
"150","3109","Banker St & Meserole Ave",40.72606,-73.95621,3,1398,597,32
"151","311","Norfolk St & Broome St",40.7172274,-73.98802084,17,2607,1569,503
"152","3110","Meserole Ave & Manhattan Ave",40.72708584,-73.95299117,2,1758,851,82
"153","3112","Milton St & Franklin St",40.72906,-73.95779,7,3011,1040,26
"154","3113","Greenpoint Ave & Manhattan Ave",40.73026,-73.95394,2,1570,725,32
"155","3115","India St & Manhattan Ave",40.73232194,-73.9550858,1,1290,395,14
"156","3116","Huron St & Franklin St",40.73266,-73.95826,0,1266,617,15
"157","3117","Franklin St & Dupont St",40.73564,-73.95866,0,814,464,17
"158","3118","McGuinness Blvd & Eagle St",40.73555,-73.95284,0,1540,599,34
"159","3119","Vernon Blvd & 50 Ave",40.74232744,-73.95411749,1,5099,2083,134
"160","312","Allen St & Stanton St",40.722055,-73.989111,14,5000,2483,366
"161","3121","Jackson Ave & 46 Rd",40.74524768,-73.94733276,3,449,158,25
"162","3122","48 Ave & 5 St",40.7443632870669,-73.9558732509613,1,203,213,16
"163","3123","31 St & Thomson Ave",40.74469738,-73.93540375,4,688,499,59
"164","3124","46 Ave & 5 St",40.74731,-73.95451,1,1260,717,68
"165","3125","45 Rd & 11 St",40.74708586,-73.94977234,1,1473,417,274
"166","3126","44 Dr & Jackson Ave",40.74718234,-73.9432635,2,1732,1002,100
"167","3127","9 St & 44 Rd",40.74966,-73.9521,0,665,405,49
"168","3128","21 St & 43 Ave",40.75052534,-73.94594845,0,801,226,123
"169","3129","Queens Plaza North & Crescent St",40.75110165,-73.94073717,3,2594,1277,156
"170","313","Washington Ave & Park Ave",40.69610226,-73.96751037,5,1783,796,157
"171","3130","21 St & Queens Plaza North",40.75325964,-73.94335788,2,1848,464,21
"172","3131","E 68 St & 3 Ave",40.7671284034954,-73.9622461795807,33,880,790,262
"173","3132","E 59 St & Madison Ave",40.76350532,-73.97109243,4,2953,2965,687
"174","3134","3 Ave & E 62 St",40.76312584,-73.96526895,10,2170,2191,248
"175","3135","E 75 St & 3 Ave",40.77112927,-73.95772297,4,892,966,240
"176","3136","5 Ave & E 63 St",40.766368,-73.971518,10,1299,1485,312
"177","3137","5 Ave & E 73 St",40.77282817,-73.96685276,28,1978,3066,429
"178","3139","E 72 St & Park Ave",40.7711828754066,-73.9640942215919,4,1307,996,329
"179","314","Cadman Plaza West & Montague St",40.69383,-73.990539,10,2474,2161,381
"180","3140","1 Ave & E 78 St",40.77140426,-73.9535166,76,2383,1671,276
"181","3141","1 Ave & E 68 St",40.76500525,-73.95818491,18,8807,6482,1080
"182","3142","1 Ave & E 62 St",40.7612274,-73.96094022,17,3062,1992,541
"183","3143","5 Ave & E 78 St",40.7763214218227,-73.9642739295959,11,1234,1762,375
"184","3144","E 81 St & Park Ave",40.77677702,-73.9590097,2,134,165,39
"185","3145","E 84 St & Park Ave",40.77862688,-73.95772073,2,669,805,280
"186","3146","E 81 St & 3 Ave",40.77573034,-73.9567526,6,1058,594,201
"187","3148","E 84 St & 1 Ave",40.77565541,-73.95068615,2,967,636,223
"188","315","South St & Gouverneur Ln",40.70355377,-74.00670227,27,4950,4610,711
"189","3150","E 85 St & York Ave",40.77536905,-73.94803392,2,485,410,226
"190","3151","E 81 St & York Ave",40.7728384,-73.94989233,5,1283,637,108
"191","3152","3 Ave & E 71 St",40.76873687,-73.96119945,1,478,394,88
"192","3154","E 77 St & 3 Ave",40.77314236,-73.95856158,3,2031,800,114
"193","3155","Lexington Ave & E 63 St",40.76440023,-73.96648977,0,1452,1979,530
"194","3156","E 72 St & York Ave",40.76663814,-73.95348296,5,4016,2708,848
"195","3157","East End Ave & E 86 St",40.77518615,-73.94446054,2,421,373,74
"196","3158","W 63 St & Broadway",40.77163851,-73.98261428,22,1789,2589,758
"197","3159","W 67 St & Broadway",40.77492513,-73.98266566,16,1695,1899,456
"198","316","Fulton St & William St",40.70955958,-74.00653609,5,3220,1513,407
"199","3160","Central Park West & W 76 St",40.77896784,-73.97374737,10,784,1032,240
"200","3161","W 76 St & Columbus Ave",40.7801839724239,-73.9772853255272,6,902,979,261
"201","3162","W 78 St & Broadway",40.78339981,-73.98093133,6,533,1046,197
"202","3163","Central Park West & W 68 St",40.7734066,-73.97782542,42,1655,2592,524
"203","3164","Columbus Ave & W 72 St",40.7770575,-73.97898475,16,2338,2312,707
"204","3165","Central Park West & W 72 St",40.7757937668367,-73.9762057363987,24,1351,2152,437
"205","3166","Riverside Dr & W 72 St",40.7805779901033,-73.9856243133545,10,748,974,257
"206","3167","Amsterdam Ave & W 73 St",40.7796680900731,-73.9809304475784,7,2393,1657,456
"207","3168","Central Park West & W 85 St",40.78472675,-73.96961715,23,1081,1317,276
"208","3169","Riverside Dr & W 82 St",40.78720869,-73.98128127,9,575,814,98
"209","317","E 6 St & Avenue B",40.72453734,-73.98185424,1,2276,1397,144
"210","3170","W 84 St & Columbus Ave",40.78499979,-73.97283406,21,876,1111,331
"211","3171","Amsterdam Ave & W 82 St",40.78524672,-73.97667321,7,1066,996,167
"212","3172","W 74 St & Columbus Ave",40.7785669,-73.97754961,5,742,449,193
"213","3173","Riverside Blvd & W 67 St",40.777507027548,-73.9888858795166,4,783,791,143
"214","3175","W 70 St & Amsterdam Ave",40.77748046,-73.98288594,3,1507,1049,306
"215","3177","W 84 St & Broadway",40.7867947,-73.977112,3,499,741,333
"216","3178","Riverside Dr & W 78 St",40.78414472,-73.98362492,14,382,474,94
"217","3179","Park Ave & Marcus Garvey Blvd",40.698617,-73.941342,10,905,234,0
"218","3182","Yankee Ferry Terminal",40.68693,-74.01697,1,21,52,3
"219","3183","Exchange Place",40.71625,-74.03346,0,0,1,0
"220","319","Fulton St & Broadway",40.711066,-74.009447,18,5248,3334,409
"221","320","Leonard St & Church St",40.717571,-74.005549,4,3005,1453,264
"222","3206","Hilltop",40.73117,-74.05757,0,0,1,0
"223","3209","Brunswick St",40.72418,-74.05066,0,1,0,0
"224","321","Cadman Plaza E & Red Cross Pl",40.69991755,-73.98971773,11,2410,1820,256
"225","3210","Pershing Field",40.74268,-74.05179,0,0,2,0
"226","3213","Van Vorst Park",40.71849,-74.04773,0,0,1,0
"227","3221","47 Ave & 31 St",40.743,-73.93561,1,790,349,49
"228","3223","E 55 St & 3 Ave",40.7589965596051,-73.9686539769173,0,1991,1888,337
"229","3226","W 82 St & Central Park West",40.78275,-73.97137,15,623,606,247
"230","323","Lawrence St & Willoughby St",40.69236178,-73.98631746,61,3491,1980,106
"231","3231","E 67 St & Park Ave",40.7678008014813,-73.9659208059311,33,676,824,250
"232","3232","Bond St & Fulton St",40.6896218879033,-73.9830426871777,21,3213,1890,108
"233","3233","E 48 St & 5 Ave",40.7572456791173,-73.978059142828,12,9220,7758,1073
"234","3235","E 41 St & Madison Ave",40.752165280622,-73.9799219369888,5,6233,4206,540
"235","3236","W 42 St & Dyer Ave",40.7589848139963,-73.9937996864319,3,1214,1325,253
"236","324","DeKalb Ave & Hudson Ave",40.689888,-73.981013,36,4478,2609,296
"237","3241","Monroe St & Tompkins Ave",40.686203,-73.944694,1,406,170,7
"238","3242","Schermerhorn St & Court St",40.6910292567797,-73.991833627224,1,1361,1631,274
"239","3243","E 58 St & 1 Ave (NE Corner)",40.7589238637769,-73.9622622728348,0,497,580,79
"240","3244","University Pl & E 8 St",40.7314372408523,-73.9949034154415,39,2929,1607,358
"241","3245","NYCBS DEPOT - DELANCEY",40.7164442313448,-73.9823305606842,0,23,19,0
"242","3249","Verona Pl & Fulton St",40.6803560840434,-73.9476791024208,3,1071,541,77
"243","325","E 19 St & 3 Ave",40.73624527,-73.98473765,19,3040,1625,303
"244","3254","Soissons Landing",40.69232,-74.01487,0,23,42,3
"245","3255","8 Ave & W 31 St",40.7505853470215,-73.9946848154068,11,7688,4440,872
"246","3256","Pier 40 - Hudson River Park",40.7277140777778,-74.011295735836,35,3780,3466,574
"247","3258","W 27 St & 10 Ave",40.7501815632568,-74.0021842718124,2,2686,1348,258
"248","3259","9 Ave & W 28 St",40.7493702419328,-73.9992338418961,5,1842,1653,453
"249","326","E 11 St & 1 Ave",40.72953837,-73.98426726,47,3119,1241,221
"250","3260","Mercer St & Bleecker St",40.7270636334831,-73.9966213703155,37,5684,2926,611
"251","3263","Cooper Square & Astor Pl",40.7295149622495,-73.990752696991,74,11490,3209,597
"252","327","Vesey Pl & River Terrace",40.7153379,-74.01658354,29,8393,5242,729
"253","3276","Marin Light Rail",40.71458,-74.04282,0,0,1,0
"254","328","Watts St & Greenwich St",40.72405549,-74.00965965,1,4618,2086,356
"255","3282","5 Ave & E 88 St",40.78307,-73.95939,39,1464,2530,344
"256","3283","W 89 St & Columbus Ave",40.7882213,-73.97041561,7,1078,927,219
"257","3284","E 88 St & Park Ave",40.78141070019,-73.9559590816498,119,487,768,118
"258","3285","W 87 St & Amsterdam Ave",40.78839,-73.9747,6,584,752,106
"259","3286","E 89 St & 3 Ave",40.7806284,-73.9521667,13,927,681,82
"260","3287","W 87 St & West End Ave",40.78962,-73.97757,0,206,135,32
"261","3288","E 88 St & 1 Ave",40.778301,-73.9488134,10,899,517,57
"262","3289","W 90 St & Amsterdam Ave",40.7901794809508,-73.9728891849518,2,398,489,63
"263","3290","E 89 St & York Ave",40.7779453,-73.946041,21,724,773,177
"264","3292","5 Ave & E 93 St",40.7857851,-73.957481,7,702,845,103
"265","3293","W 92 St & Broadway",40.7921,-73.9739,5,784,1096,266
"266","3294","E 91 St & Park Ave",40.7835016,-73.955327,18,912,780,199
"267","3295","Central Park W & W 96 St",40.79127,-73.964839,24,1292,1877,345
"268","3296","E 93 St & 2 Ave",40.7824541752799,-73.9489196240902,21,1206,705,108
"269","3297","6 St & 7 Ave",40.6686627,-73.97988067,6,752,376,54
"270","3298","Warren St & Court St",40.686371,-73.99383324,19,711,454,89
"271","3299","E 98 St & Park Ave",40.78813,-73.95206,0,547,399,29
"272","330","Reade St & Broadway",40.71450451,-74.00562789,27,2244,1902,850
"273","3300","Prospect Park West & 8 St",40.6651468153379,-73.9763760566711,27,426,649,47
"274","3301","Columbus Ave & W 95 St",40.7919557,-73.968087,9,966,1197,400
"275","3302","Columbus Ave & W 103 St",40.7969347,-73.9643412291,1,166,149,17
"276","3303","Butler St & Court St",40.6849894,-73.99440329,0,455,342,62
"277","3304","6 Ave & 9 St",40.668127,-73.98377641,3,712,791,223
"278","3305","E 91 St & 2 Ave",40.7811222993417,-73.9496558904648,8,1158,953,131
"279","3306","10 St & 7 Ave",40.6662078,-73.98199886,12,569,535,40
"280","3307","West End Ave & W 94 St",40.7941654,-73.974124,3,507,732,129
"281","3308","Kane St & Clinton St",40.6861758,-73.99645295,26,380,483,37
"282","3309","E 97 St & 3 Ave",40.7859201,-73.94860294,1,446,370,182
"283","331","Pike St & Monroe St",40.71173107,-73.99193043,12,1296,525,78
"284","3310","14 St & 7 Ave",40.663779,-73.98396846,10,409,380,52
"285","3311","Columbia St & Kane St",40.68763155,-74.0016256,3,318,433,41
"286","3312","1 Ave & E 94 St",40.7817212,-73.94594,6,853,652,159
"287","3313","6 Ave & 12 St",40.6663181,-73.9854617,3,249,309,43
"288","3314","W 95 St & Broadway",40.7937704,-73.971888,8,1513,1223,393
"289","3315","Henry St & Degraw St",40.6847514,-73.99917254,3,461,654,57
"290","3317","10 St & 5 Ave",40.6686273,-73.98700053,2,489,205,37
"291","3318","2 Ave & E 96 St",40.7839636,-73.9471673,31,3492,1701,213
"292","3319","14 St & 5 Ave",40.666287,-73.98895053,2,647,445,32
"293","332","Cherry St",40.71219906,-73.97948148,6,826,564,199
"294","3320","Central Park West & W 100 St",40.7940666081855,-73.9628684520721,3,620,712,188
"295","3321","Clinton St & Union St",40.6831164,-73.99785267,0,289,607,48
"296","3322","12 St & 4 Ave",40.668603,-73.9904394,0,230,223,48
"297","3323","W 106 St & Central Park West",40.7981856,-73.9605909006,6,729,621,114
"298","3324","3 Ave & 14 St",40.6685455,-73.99333264,1,355,299,20
"299","3325","E 95 St & 3 Ave",40.7849,-73.9505,0,53,59,18
"300","3326","Clinton St & Centre St",40.67434,-74.00194698,6,142,87,18
"301","3327","3 Ave & E 100 St",40.7877214,-73.94728331,0,289,128,3
"302","3328","W 100 St & Manhattan Ave",40.795,-73.9645,5,627,523,175
"303","3329","Degraw St & Smith St",40.6829151,-73.99318208,0,554,458,28
"304","3330","Henry St & Bay St",40.6725058,-74.00494695,4,224,293,18
"305","3331","Riverside Dr & W 104 St",40.8013434,-73.9711457439,7,410,537,129
"306","3332","Degraw St & Hoyt St",40.681990442707,-73.9907902479172,1,342,321,11
"307","3333","Columbia St & Lorraine St",40.6747055,-74.0075572,6,98,103,3
"308","3335","Union St & 4 Ave",40.6772744,-73.98282002,1,1352,936,59
"309","3336","E 97 St & Madison Ave",40.787801,-73.953559,7,1217,983,213
"310","3337","Dwight St & Van Dyke St",40.673635513415,-74.0119555592537,1,146,94,3
"311","3338","2 Ave & E 99 St",40.7862586,-73.94552579,5,1001,489,55
"312","3339","Berkeley Pl & 6 Ave",40.6765304,-73.97846879,0,528,389,21
"313","334","W 20 St & 7 Ave",40.74238787,-73.99726235,3,4876,2909,350
"314","3340","Wolcott St & Dwight St",40.6753274,-74.0100698,4,203,110,29
"315","3341","Central Park West & W 102 St",40.795346,-73.96186,5,447,356,84
"316","3342","Pioneer St & Richards St",40.6777748,-74.0094613,10,101,123,17
"317","3343","W 107 St & Columbus Ave",40.7997568,-73.9621128676,0,382,254,101
"318","3344","Pioneer St & Van Brunt St",40.679043,-74.011169,9,511,283,31
"319","3345","Madison Ave & E 99 St",40.7894854155321,-73.9524292945862,3,2935,1235,264
"320","3346","Berkeley Pl & 7 Ave",40.6751468387098,-73.9752320945263,10,1202,1119,140
"321","3347","Van Brunt St & Wolcott St",40.6773429,-74.01275056,16,468,403,37
"322","3348","Coffey St & Conover St",40.677236,-74.015665,1,443,262,50
"323","3349","Grand Army Plaza & Plaza St West",40.6729679,-73.97087984,7,1261,1161,104
"324","335","Washington Pl & Broadway",40.72903917,-73.99404649,49,4432,1951,472
"325","3350","W 100 St & Broadway",40.7973721,-73.97041192,5,674,780,222
"326","3351","E 102 St & 1 Ave",40.7869946,-73.94164802,5,1033,665,227
"327","3352","Sigourney St & Columbia St",40.6726724341095,-74.0087952464819,6,313,194,12
"328","3354","3 St & Prospect Park West",40.668132,-73.97363831,20,896,589,116
"329","3355","E 66 St & Madison Ave",40.7680088930595,-73.9684528112411,1,533,613,174
"330","3356","Amsterdam Ave & W 66 St",40.7746671,-73.98470567,71,790,784,268
"331","3357","W 106 St & Amsterdam Ave",40.8008363,-73.9664492472,2,489,338,214
"332","3358","Garfield Pl & 8 Ave",40.6711978,-73.97484126,0,339,372,107
"333","3359","E 68 St & Madison Ave",40.7691572,-73.96703464,2,778,763,193
"334","336","Sullivan St & Washington Sq",40.73047747,-73.99906065,18,3649,1505,311
"335","3360","Amsterdam Ave & W 79 St",40.7829391,-73.9786517,9,1157,1275,297
"336","3361","Carroll St & 6 Ave",40.6740886,-73.9787282,4,582,576,47
"337","3362","Madison Ave & E 82 St",40.7781314,-73.96069399,12,632,866,140
"338","3363","E 102 St & Park Ave",40.7904828,-73.95033068,2,1333,823,65
"339","3364","Carroll St & 5 Ave",40.6751622,-73.9814832,3,767,776,50
"340","3365","3 St & 7 Ave",40.6703837,-73.97839676,6,699,639,30
"341","3366","West End Ave & W 107 St",40.8021174,-73.9681805305,3,433,488,124
"342","3367","5 Ave & E 103 St",40.7922553,-73.95249933,21,2468,2497,277
"343","3368","5 Ave & 3 St",40.6728155,-73.98352355,4,723,920,111
"344","3369","E 82 St & East End Ave",40.7724607,-73.9468208,7,477,699,181
"345","337","Old Slip & Front St",40.7037992,-74.00838676,45,6013,4199,954
"346","3370","E 78 St & 2 Ave",40.7727966,-73.95577801,8,586,417,82
"347","3371","4 Ave & 2 St",40.6746134224758,-73.9850114285946,0,54,61,4
"348","3372","E 74 St & 1 Ave",40.7689738,-73.95482273,93,1505,1081,211
"349","3373","3 St & 3 Ave",40.6750705,-73.98775226,0,561,747,88
"350","3374","Central Park North & Adam Clayton Powell Blvd",40.799484,-73.955613,24,1167,1610,163
"351","3375","3 Ave & E 72 St",40.7699426,-73.96060712,2,516,508,79
"352","3376","E 65 St & 2 Ave",40.7647185194434,-73.962220698595,4,1271,1232,365
"353","3377","Carroll St & Bond St",40.6786115,-73.99037292,2,749,566,49
"354","3378","E 76 St & Park Ave",40.773763,-73.96222088,2,1577,1211,313
"355","3379","E 103 St & Lexington Ave",40.7903051,-73.94755757,16,1473,566,68
"356","3381","3 St & Hoyt St",40.6777287,-73.99364123,1,488,356,32
"357","3382","Carroll St & Smith St",40.680611,-73.99475825,3,1552,1311,94
"358","3383","Cathedral Pkwy & Broadway",40.804213,-73.96699104,15,520,605,157
"359","3384","Smith St & 3 St",40.6787242,-73.99599099,4,712,745,85
"360","3386","1 Pl & Clinton St",40.6809591,-73.99905709,0,342,387,91
"361","3387","E 106 St & Madison Ave",40.7934337,-73.94945003,14,953,334,55
"362","3388","President St & Henry St",40.6828003,-73.99990419,0,311,468,12
"363","3389","Carroll St & Columbia St",40.6830456,-74.00348559,0,375,538,36
"364","339","Avenue D & E 12 St",40.72580614,-73.97422494,11,872,517,124
"365","3390","E 109 St & 3 Ave",40.79329668,-73.9432083,5,681,324,46
"366","3391","E 106 St & 1 Ave",40.7892529,-73.93956237,2,444,172,51
"367","3392","Commerce St & Van Brunt St",40.6812117,-74.00860912,0,271,154,5
"368","3393","Richards St & Delavan St",40.6794327,-74.00785041,1,149,115,33
"369","3394","Columbia St & W 9 St",40.6769993,-74.00647134,3,125,81,3
"370","3395","Henry St & W 9 St",40.6763744,-74.00324957,2,126,70,1
"371","3396","Clinton St & 4 Place",40.6783563,-74.00014502,7,233,334,22
"372","3397","Court St & Nelson St",40.6763947,-73.99869893,1,363,474,28
"373","3398","Smith St & 9 St",40.6746957,-73.99785768,13,1140,628,77
"374","3399","7 St & 3 Ave",40.6726029815013,-73.9898300170898,2,535,489,31
"375","340","Madison St & Clinton St",40.71269042,-73.98776323,3,1009,808,212
"376","3400","E 110 St & Madison Ave",40.7961535,-73.94782145,26,649,548,72
"377","3401","2 Ave & 9 St",40.6724811,-73.99331394,0,67,45,22
"378","3402","Court St & State St",40.6902375,-73.99203074,4,1385,1925,254
"379","3403","4 Ave & 9 St",40.6705135,-73.98876585,4,693,556,87
"380","3404","7 St & 5 Ave",40.6704922,-73.98541675,3,362,352,44
"381","3405","5 St & 6 Ave",40.6704836,-73.98208968,9,215,259,29
"382","3407","Union St & Nevins St",40.6790979972168,-73.9876547455788,1,592,463,26
"383","3408","Congress St & Clinton St",40.6881529,-73.99520919,4,990,906,145
"384","3409","Bergen St & Smith St",40.6867443,-73.99063168,14,2801,1932,249
"385","341","Stanton St & Mangin St",40.71782143,-73.97628939,353,1103,643,87
"386","3410","Dean St & Hoyt St",40.6864442,-73.98759104,2,507,428,36
"387","3411","Bond St & Bergen St",40.6849668,-73.98620772,8,675,767,43
"388","3412","Pacific St & Nevins St",40.6853761,-73.98302136,6,492,359,18
"389","3413","Wyckoff St & 3 Ave",40.6827549,-73.98258555,7,549,250,14
"390","3414","Bergen St & Flatbush Ave",40.6809447234773,-73.9756733179092,1,1434,893,70
"391","3415","Prospect Pl & 6 Ave",40.6793307,-73.97519523,1,926,567,60
"392","3416","7 Ave & Park Pl",40.6776147,-73.97324283,30,2691,1880,184
"393","3417","Baltic St & 5 Ave",40.6795766,-73.97854971,6,843,473,28
"394","3418","Plaza St West & Flatbush Ave",40.6750207,-73.97111473,7,1283,1375,305
"395","3419","Douglass St & 4 Ave",40.6792788,-73.98154004,1,1142,610,31
"396","342","Columbia St & Rivington St",40.71739973,-73.98016555,170,785,809,259
"397","3420","Douglass St & 3 Ave",40.6802133,-73.98432695,2,1601,821,23
"398","3422","Columbia St & Degraw St",40.6859296,-74.00242364,0,558,534,72
"399","3423","West Drive & Prospect Park West",40.6610633719006,-73.9794525504112,27,1172,1177,147
"400","3424","E 106 St & Lexington Ave",40.791976,-73.945993,4,648,336,126
"401","3425","2 Ave & E 104 St",40.7892105,-73.94370784,5,1083,343,92
"402","3426","JCBS Depot",40.70965,-74.0686,0,1,0,0
"403","3427","Lafayette St & Jersey St",40.7243052725033,-73.9960098266602,14,5082,2259,269
"404","3429","Hanson Pl & Ashland Pl",40.6850680730818,-73.9779075980186,87,3728,3077,235
"405","343","Clinton Ave & Flushing Ave",40.69794,-73.96986848,4,1441,575,53
"406","3430","Richardson St & N Henry St",40.7190789117956,-73.9422369003296,1,956,373,9
"407","3432","NYCBS Depot - GOW",40.6690601350111,-73.9946365356445,0,153,10,29
"408","3434","W 88 St & West End Ave",40.7902541733042,-73.9771834015846,2,424,358,91
"409","3435","Grand St & Elizabeth St",40.718822,-73.99596,61,5299,2978,825
"410","3437","Riverside Dr & W 91 St",40.7931348098666,-73.9770036935806,6,438,446,58
"411","344","Monroe St & Bedford Ave",40.6851443,-73.95380904,10,1055,508,154
"412","3440","Fulton St & Adams St",40.6924182925785,-73.989494740963,9,4162,3184,475
"413","3441","10 Hudson Yards",40.752957,-74.00264,0,946,569,77
"414","3443","W 52 St & 6 Ave",40.7613298312481,-73.9798200130463,3,9919,9632,1853
"415","3449","Eckford St & Engert Ave",40.7214625622982,-73.9480090141296,0,336,171,5
"416","3452","Bayard St & Leonard St",40.7191557169604,-73.9488539099693,1,1023,357,13
"417","3453","Devoe St & Lorimer St",40.7133522622288,-73.9491033554077,0,1880,421,19
"418","3454","Leonard St & Maujer St",40.7103685423523,-73.9470595121384,5,735,134,6
"419","3456","Jackson St & Leonard St",40.7163803197356,-73.9482128620148,0,252,67,9
"420","3457","E 58 St & Madison Ave",40.7630259428052,-73.9720952510834,2,1660,1986,196
"421","3458","W 55 St & 6 Ave",40.763093872708,-73.9783501625061,0,845,837,153
"422","3459","E 53 St & 3 Ave",40.7576322773944,-73.9693057537079,21,7695,5329,763
"423","346","Bank St & Hudson St",40.73652889,-74.00618026,2,1730,1127,542
"424","3461","Murray St & Greenwich St",40.7148515052625,-74.0112233161926,8,4252,3663,475
"425","3463","E 16 St & Irving Pl",40.7353670556054,-73.9879739284515,12,4206,3263,681
"426","3466","W 45 St & 6 Ave -",40.7566872060318,-73.9825773239136,1,543,438,105
"427","3467","W Broadway & Spring Street",40.7249467235942,-74.0016585588455,21,7103,2590,315
"428","3469","India St & West St",40.7318140172097,-73.9599502086639,9,1431,689,12
"429","347","Greenwich St & W Houston St",40.728846,-74.008591,15,8790,5169,965
"430","3472","W 15 St & 10 Ave",40.742753828659,-74.0074735879898,6,4182,1981,480
"431","3477","39 St & 2 Ave - Citi Bike HQ at Industry City",40.6553997744783,-74.0106278657913,2,288,304,19
"432","3478","2 Ave & 36 St - Citi Bike HQ at Industry City",40.6570886666848,-74.0087020397186,5,910,455,63
"433","3479","Picnic Point",40.68513,-74.02535,2,45,44,7
"434","3486","Schermerhorn St & Bond St",40.6884174275408,-73.9845165610313,3,2477,1580,68
"435","349","Rivington St & Ridge St",40.71850211,-73.98329859,19,1385,748,172
"436","3490","E 116 St & 2 Ave",40.796879,-73.937261,23,404,235,9
"437","3491","E 118 St & 1 Ave",40.79747,-73.93504,15,386,263,31
"438","3492","E 118 St & Park Ave",40.8005385,-73.9419949,4,297,171,17
"439","3493","E 118 St & 3 Ave",40.799139,-73.9389152,10,521,322,106
"440","3494","E 115 St & Lexington Ave",40.797911,-73.9423,18,835,465,18
"441","3495","E 114 St & 1 Ave",40.7945663,-73.9362541,17,469,275,43
"442","3496","1 Ave & E 110 St",40.7923272,-73.9383,14,806,650,51
"443","3497","Pleasant Ave & E 116 St",40.7949879,-73.9333349,63,622,734,75
"444","3498","Pleasant Ave & E 120 St",40.7974772,-73.9311847,5,472,268,12
"445","3499","2 Ave & E 122 St",40.8006721,-73.9349,4,521,274,112
"446","350","Clinton St & Grand St",40.71559509,-73.9870295,39,1691,1742,343
"447","3500","E 115 St & Madison Ave",40.7989445,-73.944846,5,659,319,18
"448","3501","E 118 St & Madison Ave",40.8014866,-73.9442507,1,459,281,96
"449","3502","Lexington Ave & E 111 St",40.7954121,-73.9441232,15,916,562,125
"450","3503","Madison Ave & E 120 St",40.80295,-73.942954,0,347,194,57
"451","3504","E 123 St & Lexington Ave",40.8029263,-73.9379,2,1056,556,16
"452","3505","Lexington Ave & E 127 St",40.805726,-73.936322,7,695,354,13
"453","3506","Lexington Ave & E 120 St",40.8013066,-73.9398167,1,297,221,54
"454","3507","Park Ave & E 124 St",40.8045555,-73.9396861,10,4453,2217,218
"455","3508","St Nicholas Ave & Manhattan Ave",40.809725,-73.953149,16,1779,825,172
"456","3509","Lenox Ave & W 115 St",40.8011939,-73.9500739,3,681,527,93
"457","351","Front St & Maiden Ln",40.70530954,-74.00612572,3,3757,2822,474
"458","3510","Adam Clayton Powell Blvd & W 123 St",40.8078316,-73.949373,1,517,269,138
"459","3511","Adam Clayton Powell Blvd & W 115 St",40.802535,-73.9532423,2,327,227,16
"460","3512","27 Ave & 4 St",40.7747175,-73.9337894,0,84,56,17
"461","3513","21 St & Hoyt Ave S",40.774645,-73.923706,1,199,104,5
"462","3514","Astoria Park S & Shore Blvd",40.7767,-73.927631,0,282,129,4
"463","3515","24 Ave & 26 St",40.774591,-73.918544,0,268,87,28
"464","3516","31 St & Astoria Blvd",40.7699176,-73.9184057,4,708,177,168
"465","3517","31 St & Hoyt Ave N",40.7711528,-73.9170074,3,359,224,20
"466","3518","Lenox Ave & W 126 St",40.808442,-73.9452087,18,1062,916,109
"467","3520","Adam Clayton Powell Blvd & W 118 St",40.804372,-73.951475,4,393,276,18
"468","3521","Lenox Ave & W 111 St",40.7987859,-73.9523,42,1889,1565,162
"469","3522","37 St & 24 Ave",40.7701477,-73.9120938,0,149,88,1
"470","3523","24 Ave & 29 St",40.7729,-73.916142,9,379,89,7
"471","3524","19 St & 24 Ave",40.7774552,-73.9225403,3,323,183,9
"472","3525","23 Ave & 27 St",40.776165,-73.9153175,0,257,165,3
"473","3526","31 St & 23 Ave",40.7747878,-73.9125551,7,2517,1347,112
"474","3527","5 Ave & E 126 St",40.80698,-73.941747,9,464,244,19
"475","3528","Steinway St & 23 Ave",40.7713937,-73.9077436,1,265,108,2
"476","3529","Lenox Ave & W 130 St",40.8107922,-73.9430681,13,710,492,21
"477","353","S Portland Ave & Hanson Pl",40.68539567,-73.97431458,5,860,599,19
"478","3530","Crescent St & Ditmars Blvd",40.7787185,-73.9145645,2,190,97,4
"479","3531","Frederick Douglass Blvd & W 129 St",40.8125511,-73.9492286,4,517,172,44
"480","3532","Ditmars Blvd & 19 St",40.78145,-73.9183302,16,298,125,4
"481","3533","St. Nicholas Ave & W 126 St",40.8114323,-73.9518776,15,860,610,43
"482","3534","Frederick Douglass Blvd & W 117 St",40.805159,-73.954692,14,1080,675,123
"483","3535","Mt Morris Park W & W 120 St",40.804038,-73.945925,8,417,251,42
"484","3536","W 116 St & Broadway",40.8082,-73.9641,22,717,621,63
"485","3537","Carlton Ave & Dean St",40.6809741,-73.9710097,4,781,401,120
"486","3538","W 110 St & Amsterdam Ave",40.802692,-73.96295,18,695,480,91
"487","3539","W 116 St & Amsterdam Ave",40.8067581,-73.9607082,5,1118,393,146
"488","354","Emerson Pl & Myrtle Ave",40.69363137,-73.96223558,10,795,494,147
"489","3540","Morningside Ave & W 123 St",40.81,-73.9551508,35,583,729,84
"490","3541","Amsterdam Ave & W 125 St",40.813358,-73.956461,3,483,479,108
"491","3542","Amsterdam Ave & W 119 St",40.8086249,-73.9596214,4,774,476,81
"492","3543","Morningside Dr & Amsterdam Ave",40.81028506306,-73.9573645591736,0,268,103,46
"493","3544","Underhill Ave & Pacific St",40.6804836,-73.9646795,0,465,357,21
"494","3545","Broadway & W 122 St",40.8120562,-73.9612547,3,299,259,19
"495","3546","Pacific St & Classon Ave",40.6791944,-73.9587903,0,272,251,6
"496","3547","Broadway & Moylan Pl",40.8143256,-73.9590255,8,803,691,98
"497","3549","Grand Ave & Bergen St",40.678045,-73.962408,0,605,208,4
"498","355","Bayard St & Baxter St",40.71602118,-73.99974372,15,2187,1830,575
"499","3551","3 Ave & E 112 St",40.795508,-73.941606,10,273,151,47
"500","3552","W 113 St & Broadway",40.805973,-73.964928,15,589,396,159
"501","3553","Frederick Douglass Blvd & W 112 St",40.801694,-73.957145,10,892,672,170
"502","3554","Vernon Blvd & 41 Rd",40.7552433,-73.9485678,1,178,185,149
"503","3555","28 St & 41 Ave",40.751047,-73.93797,0,1449,1091,164
"504","3556","24 St & 41 Ave",40.7527085,-73.9397405,0,629,251,17
"505","3557","40 Ave & 9 St",40.75742,-73.945133,2,361,375,72
"506","3558","Bergen St & Vanderbilt Ave",40.6794388,-73.9680438,1,1114,537,52
"507","3559","21 St & 38 Ave",40.7576314,-73.9391224,0,295,99,9
"508","356","Bialystoker Pl & Delancey St",40.71622644,-73.98261206,4,613,650,106
"509","3560","28 St & 38 Ave",40.754876,-73.934326,0,459,362,88
"510","3561","37 Ave & 35 St",40.7531106,-73.9279917,0,632,300,3
"511","3562","Classon Ave & St Marks Ave",40.6765198,-73.9596082,0,737,366,4
"512","3563","28 St & 36 Ave",40.757186,-73.932719,1,271,128,80
"513","3564","21 St & 36 Ave",40.7601853,-73.9362726,1,121,115,5
"514","3565","36 Ave & 10 St",40.7614376,-73.9411265,0,329,185,12
"515","3566","Crescent St & 35 Ave",40.7596276,-73.9321455,4,191,167,3
"516","3567","11 St & 35 Ave",40.7627442,-73.9391141,0,63,191,1
"517","3568","34 St & 35 Ave",40.7569332,-73.9262231,13,389,196,5
"518","3569","Franklin Ave & St Marks Ave",40.6758324,-73.9561677,9,567,165,4
"519","357","E 11 St & Broadway",40.73261787,-73.99158043,2,178,208,24
"520","3570","35 Ave & 37 St",40.7557327,-73.9236611,7,492,306,20
"521","3571","Bedford Ave & Bergen St",40.676368,-73.952918,1,800,219,8
"522","3572","34 Ave & 38 St",40.756913,-73.921631,2,1715,528,85
"523","3573","35 St & 34 Ave",40.7580583,-73.9242751,0,205,148,6
"524","3574","Prospect Pl & Underhill Ave",40.6769694,-73.96579,0,363,196,30
"525","3575","Crescent St & 34 Ave",40.76108,-73.930562,0,156,151,3
"526","3576","Park Pl & Vanderbilt Ave",40.6767,-73.969024,0,1095,618,34
"527","3577","34 Ave & 21 St",40.7628138,-73.9342862,0,91,112,12
"528","3578","Park Pl & Franklin Ave",40.6741806,-73.9564947,2,553,128,11
"529","3579","Sterling Pl & Bedford Ave",40.672695,-73.954131,5,564,147,27
"530","358","Christopher St & Greenwich St",40.73291553,-74.00711384,13,6582,5105,1221
"531","3580","St Johns Pl & Washington Ave",40.6737236,-73.9631611,1,602,251,7
"532","3581","Underhill Ave & Lincoln Pl",40.6740123,-73.9671457,17,702,396,60
"533","3582","Lincoln Pl & Classon Ave",40.6721683,-73.9609,0,326,167,9
"534","3583","Eastern Pkwy & Washington Ave",40.6716493,-73.9631145,0,561,441,25
"535","3584","Eastern Pkwy & Franklin Ave",40.6707767,-73.9576801,0,1959,576,132
"536","3585","Union St & Bedford Ave",40.6691783,-73.9554162,2,315,139,3
"537","3586","34 Ave & 13 St",40.7638753,-73.9364848,0,146,94,22
"538","3587","Carroll St & Washington Ave",40.6686744,-73.9618148,1,199,137,5
"539","3588","Vernon Blvd & 10 St",40.7671863,-73.9373554,3,286,110,4
"540","3589","Broadway & 12 St",40.7668,-73.9347774,9,205,133,3
"541","359","E 47 St & Park Ave",40.75510267,-73.97498696,2,18193,10799,1843
"542","3590","Carroll St & Franklin Ave",40.6679411,-73.9588,0,147,63,1
"543","3591","21 St & 31 Dr",40.7659,-73.930819,1,391,237,4
"544","3592","Crescent St & Broadway",40.7633589,-73.9286471,0,409,268,11
"545","3593","31 St & Broadway",40.761584,-73.925921,9,2118,753,44
"546","3595","35 St & Broadway",40.760339,-73.9222427,0,328,141,2
"547","3596","Sullivan Pl & Bedford Ave",40.6642406,-73.9574686,0,134,40,1
"548","3597","43 St & Broadway",40.7577284,-73.9166368,0,521,211,9
"549","3598","Newton Rd & 44 St",40.7595701,-73.9142678,0,449,155,7
"550","3599","Franklin Ave & Empire Blvd",40.66314,-73.9605695,7,586,464,14
"551","360","William St & Pine St",40.70717936,-74.00887308,0,3279,2193,392
"552","3601","Sterling St & Bedford Ave",40.6627059,-73.9569115,0,166,88,2
"553","3602","31 Ave & 34 St",40.763154,-73.920827,1,456,123,8
"554","3603","31 Ave & 30 St",40.7647,-73.9240312,1,310,188,88
"555","3604","Rogers Ave & Sterling St",40.6630619,-73.9538746,0,270,203,13
"556","3605","31 Ave & Crescent St",40.7658346,-73.9265474,0,196,109,5
"557","3606","49 Ave & 21 St",40.74252,-73.948852,1,545,216,102
"558","3607","31 Ave & 14 St",40.7682,-73.9322662,2,147,186,0
"559","3608","5 St & 51 Ave",40.7423737,-73.9566,0,586,300,35
"560","3609","Vernon Blvd & 31 Ave",40.7692475,-73.9354504,11,339,175,11
"561","361","Allen St & Hester St",40.71605866,-73.99190759,85,2704,1920,195
"562","3610","Vernon Blvd & 30 Rd",40.770845,-73.934171,4,841,406,83
"563","3611","Vernon Blvd & 47 Rd",40.7449067,-73.9534573,0,850,580,33
"564","3612","30 Ave & 21 St",40.7703743,-73.9286078,3,229,195,4
"565","3613","Center Blvd & 48 Ave",40.745038,-73.957539,1,247,207,40
"566","3614","Crescent St & 30 Ave",40.768692,-73.9249574,3,414,203,10
"567","3615","44 Dr & 21 St",40.748,-73.9460927,0,1475,674,113
"568","3616","Steinway St & 28 Ave",40.7656251,-73.9136695,2,643,145,23
"569","3617","28 Ave & 35 St",40.7671,-73.9169858,0,337,192,10
"570","3618","27 St & Hunter St",40.7485,-73.941275,0,637,390,9
"571","3619","Newtown Ave & 23 St",40.7713615,-73.9246145,1,298,142,5
"572","362","Broadway & W 37 St",40.75172632,-73.98753523,3,5318,2797,483
"573","3620","11 St & 43 Ave",40.7519071,-73.9479119,0,299,186,69
"574","3621","27 Ave & 9 St",40.7739825,-73.9309134,1,259,139,10
"575","3622","E 128 St & Madison Ave",40.80756,-73.939182,0,307,200,70
"576","3623","W 120 St & Claremont Ave",40.8109494,-73.9634,6,574,566,103
"577","3628","Lenox Ave & W 117 St",40.8025566,-73.9490782,6,1319,953,131
"578","3629","Adam Clayton Powell Blvd & W 126 St",40.8094953477795,-73.9477649331093,3,479,312,79
"579","363","West Thames St",40.70834698,-74.01713445,3,2340,1640,429
"580","3630","Frederick Douglass Blvd & W 115 St",40.8038654,-73.9559308,1,806,541,98
"581","3631","Crown St & Bedford Ave",40.666563,-73.956741,0,88,16,5
"582","3637","Fulton St & Waverly Ave",40.6832386546034,-73.9659959077835,14,1057,649,52
"583","364","Lafayette Ave & Classon Ave",40.68900443,-73.96023854,20,1551,564,61
"584","3641","Broadway & W 25 St",40.7428687731211,-73.9891862869263,16,7335,5590,845
"585","3646","35 Ave & 10 St",40.7631548191037,-73.9398550987244,0,214,113,2
"586","3647","48 Ave & 30 Pl",40.7412830935599,-73.9372587203979,0,382,389,6
"587","3648","Flushing Ave & Vanderbilt Ave",40.6979503156954,-73.970775604248,16,2180,1131,85
"588","3649","W 129 St & Convent Ave",40.8143944379158,-73.9532473683357,2,399,324,17
"589","365","Fulton St & Grand Ave",40.68223166,-73.9614583,0,313,168,6
"590","3654","31 St & Northern Blvd",40.7518695142187,-73.933492898941,0,515,178,110
"591","3656","E 2 St & Avenue A",40.7230774906867,-73.9858362078667,3,3700,1336,391
"592","3658","W 18 St & 9 Ave",40.7435337324616,-74.0036755800247,8,1799,1489,173
"593","366","Clinton Ave & Myrtle Ave",40.693261,-73.968896,11,613,555,73
"594","3660","W 16 St & 8 Ave",40.7410215090027,-74.001384973526,29,3196,1526,220
"595","3661","Montgomery St & Franklin Ave",40.6664393068708,-73.9605563879013,0,224,81,2
"596","3662","31 Ave & Steinway St",40.7612938972891,-73.916916847229,1,471,185,42
"597","3664","North Moore St & Greenwich St",40.7201952143746,-74.0103006362915,9,15604,10062,968
"598","3668","Leonard St & Nassau Ave",40.7239567849954,-73.9498436450958,0,2006,623,14
"599","3671","E 81 St & 2 Ave",40.7747794489573,-73.9542746543884,8,990,546,97
"600","3673","Dean St & Franklin Ave",40.6775920693738,-73.955637216568,0,1042,338,32
"601","3674","Jay St & York St",40.7014031725772,-73.9867267012596,5,8060,3563,246
"602","3675","3 Ave & E 95 St",40.7845967988489,-73.9496853947639,4,348,483,84
"603","3676","Van Brunt St & Van Dyke St",40.6758329439129,-74.0147262811661,0,572,335,86
"604","368","Carmine St & 6 Ave",40.73038599,-74.00214988,5,5837,2416,601
"605","3680","E 43 St & 5 Ave",40.7541208107793,-73.9802518486977,2,6188,3522,623
"606","3684","W 12 St & W 4 St",40.7375612118114,-74.0039826929569,2,241,199,54
"607","3686","Gansevoort St & Hudson St",40.739448201304,-74.0050703287125,7,5806,2807,293
"608","3687","E 33 St & 1 Ave",40.7432268143217,-73.9744978398085,5,6758,3584,895
"609","3689","W 104 St & Amsterdam Ave",40.799041392883,-73.9664947986603,4,469,481,38
"610","369","Washington Pl & 6 Ave",40.73224,-74.00026,11,1550,816,284
"611","3690","Park Pl & Church St",40.7133418427591,-74.0093551576138,8,2236,1599,302
"612","3691","28 Ave & 44 St",40.7640893235069,-73.9106512069702,1,423,114,5
"613","3692","5 St & Market St",40.6999974843885,-73.9744012802839,0,1304,280,46
"614","3693","N 11 St & Kent Ave",40.7224818863822,-73.9592193067074,0,1154,617,9
"615","3697","W 64 St & Thelonious Monk Circle",40.7751595343424,-73.9891869574785,52,1236,1253,332
"616","3699","W 50 St & 9 Ave",40.7636046779586,-73.9891795814037,4,1209,812,61
"617","3701","Cliff St & Fulton St",40.708317943664,-74.0050408244133,0,1102,642,213
"618","3704","47 Ave & Skillman Ave",40.7437524099784,-73.941764831543,0,495,87,7
"619","3707","Lexington Ave & E 26 St",40.741459,-73.983293,9,5843,3306,518
"620","3708","W 13 St & 5 Ave",40.735445,-73.99431,44,5331,2489,596
"621","3709","W 15 St & 6 Ave",40.7380461424828,-73.996429592371,8,1798,1089,219
"622","3711","E 13 St & Avenue A",40.7296672939298,-73.9806796610355,20,3475,1375,561
"623","3712","W 35 St & Dyer Ave",40.754691750226,-73.9974018931389,14,2589,1757,284
"624","3714","Division Av & Hooper St",40.7068420310133,-73.9544353965357,2,708,210,16
"625","3715","Driggs Ave & N 9 St",40.7181696945421,-73.9552013576031,8,4145,1648,89
"626","3716","40 Ave & Crescent St",40.7535992020056,-73.9379560947418,0,112,101,10
"627","3718","E 11 St & Avenue B",40.7274642069239,-73.9795041829348,77,1926,803,214
"628","372","Franklin Ave & Myrtle Ave",40.694546087246,-73.9580136537552,5,500,319,6
"629","3720","Wyckoff St & Bond St",40.6846165389795,-73.9872128516436,4,67,117,17
"630","3721","31 St & Newtown Ave",40.7675487799971,-73.9209334552288,2,3191,1031,75
"631","3723","Cadman Plaza E & Johnson St",40.695317277669,-73.9901572465897,9,811,846,164
"632","3724","7 Ave & Central Park South",40.7667405590595,-73.9790689945221,31,3628,3854,649
"633","3725","2 Ave & E 72 St",40.7687620293096,-73.9584079384804,14,2306,1484,250
"634","3726","Center Blvd & 51 Ave",40.7433660802702,-73.95960688591,1,629,424,22
"635","3727","Frost St & Meeker Ave",40.7176619708399,-73.948800265789,0,333,93,51
"636","3728","Pierrepont St & Monroe Pl",40.6953569332022,-73.9934402704239,10,443,609,251
"637","373","Willoughby Ave & Walworth St",40.69331716,-73.95381995,16,298,242,39
"638","3733","Avenue C & E 18 St",40.730563,-73.973984,9,1427,1068,240
"639","3734","E 58 St &  1 Ave (NW Corner)",40.759125,-73.962658,12,1289,991,179
"640","3737","Stanton St & Norfolk St",40.720747,-73.986274,14,1789,850,112
"641","3745","36 Ave & 31 St",40.7565127298495,-73.9295748621225,1,714,149,16
"642","3746","6 Ave & Broome St",40.7243083216022,-74.0047303587198,7,5098,3498,394
"643","3747","E 84 St & 3 Ave",40.7775537429889,-73.9551275968552,6,1808,1275,185
"644","3749","Lexington Ave & E 36 St",40.7475739589548,-73.9788007736206,2,1452,858,178
"645","3755","DeKalb Ave & Franklin Ave",40.69065,-73.95746,1,549,208,17
"646","3756","White St & Moore St",40.70451,-73.9351,2,284,201,31
"647","3757","Stagg St & Morgan Ave",40.71068,-73.93372,0,321,166,12
"648","3758","George St & Wilson Ave",40.703,-73.92997,0,229,84,0
"649","3759","Irving Ave & Jefferson St",40.70538,-73.92535,2,261,91,6
"650","376","John St & William St",40.70862144,-74.00722156,4,2263,1526,327
"651","3760","Willoughby Ave & Wyckoff Ave",40.70561,-73.92153,0,422,104,2
"652","3761","Cedar St & Myrtle Ave",40.69784,-73.92624,7,472,173,5
"653","3762","3 Ave & Carroll St",40.67703,-73.9865,0,404,356,33
"654","3763","Wyckoff Av & Jefferson St",40.70717,-73.92371,1,733,239,9
"655","3764","Bushwick Ave & McKibbin St",40.70552,-73.93936,6,213,71,2
"656","3765","Bushwick Ave & Stagg St",40.7099,-73.94008,2,131,80,1
"657","3766","Sharon St & Olive St",40.71535,-73.93856,4,363,175,2
"658","3767","Powers St & Olive St",40.71323,-73.93894,0,348,52,0
"659","3768","Waterbury St & Stagg St",40.71019,-73.93734,0,251,124,15
"660","3769","White St & Johnson Ave",40.70717,-73.93581,0,110,44,0
"661","377","6 Ave & Canal St",40.72243797,-74.00566443,15,11627,5516,389
"662","3770","Central Ave & Flushing Ave",40.70283,-73.9333,0,282,106,2
"663","3771","McKibbin St & Bogart St",40.70624,-73.93387,2,677,206,8
"664","3772","Devoe St & Morgan Ave",40.71381,-73.93515,0,246,93,15
"665","3773","Knickerbocker Ave & Thames St",40.70539,-73.92976,1,164,94,5
"666","3774","Knickerbocker Ave & George St",40.70443,-73.92836,0,238,81,3
"667","3775","Suydam St & Knickerbocker Ave",40.70201,-73.92377,2,314,98,5
"668","3776","Central Ave & Starr Street",40.7,-73.92834,3,329,114,5
"669","3777","Stockholm St & Wilson Ave",40.6993,-73.92304,0,179,54,2
"670","3778","Irving Ave & DeKalb Ave",40.7027,-73.92095,0,236,56,14
"671","3779","Hart St & Wyckoff Ave",40.70488,-73.91991,1,243,70,3
"672","3781","Greene Av & Myrtle Av",40.69857,-73.91888,4,392,198,1
"673","3782","Brooklyn Bridge Park - Pier 2",40.69846,-73.99718,4,239,331,60
"674","3783","Cliff St & Fulton St",40.70838,-74.00495,1,2040,1119,455
"675","3787","Dock 72 Way & Market St",40.69985,-73.97141,6,1156,468,69
"676","3788","E 12 St & 4 Av",40.73269,-73.98974,13,2564,1068,245
"677","3789","Fulton St & Irving Pl",40.68186,-73.95943,1,261,129,5
"678","379","W 31 St & 7 Ave",40.749156,-73.9916,4,7192,4815,1173
"679","3790","Henry St & Middagh St",40.7003,-73.99158,9,736,636,83
"680","3793","Stuyvesant Walk & 1 Av Loop",40.73234,-73.97898,1,42,50,3
"681","3795","10 St & 2 Ave",40.67191,-73.99361,0,130,90,22
"682","3798","W 40 St & 5 Ave",40.75227,-73.98208,2,1653,1111,65
"683","3799","6 Ave & W 34 St",40.74964,-73.98805,4,895,423,39
"684","380","W 4 St & 7 Ave S",40.73401143,-74.00293877,9,2582,1763,249
"685","3803","Bedford Ave & Montgomery St",40.66582,-73.95693,1,66,11,0
"686","3804","Front St & Jay St",40.70246,-73.98684,1,573,387,7
"687","3805","E 80 St & Park Ave",40.77617,-73.95976,0,52,58,9
"688","3809","W 55 St & 6 Ave",40.7632,-73.97846,3,863,803,131
"689","3810","Central Park West & W 82 St",40.78259,-73.97121,8,222,212,71
"690","3811","27 Ave & 3 St",40.77485,-73.9342,1,20,6,0
"691","3812","University Pl & E 14 St",40.73481,-73.99209,4,561,280,78
"692","3816","Metropolitan Ave & Vandervoort Ave",40.71429,-73.93323,0,7,3,0
"693","3817","Withers St & Kingsland Ave",40.71773,-73.94051,0,3,1,0
"694","3818","Calyer St & Jewel St",40.72984,-73.94839,0,2,1,0
"695","3819","Green St & McGuinness Blvd",40.73396,-73.95204,0,4,2,0
"696","382","University Pl & E 14 St",40.73492695,-73.99200509,25,4666,2366,675
"697","3820","Willoughby Ave & Myrtle Ave",40.69757,-73.93098,0,6,12,0
"698","3821","Evergreen Ave & Noll St",40.70106,-73.93318,0,4,4,0
"699","3822","Bushwick Ave & Forrest St",40.70076,-73.93641,0,5,2,0
"700","3823","Beaver St & Fayette St",40.70099,-73.93921,0,14,7,0
"701","383","Greenwich Ave & Charles St",40.735238,-74.000271,2,2213,1622,300
"702","3842","Bushwick Ave & Dekalb Ave",40.69502,-73.92825,0,15,2,0
"703","385","E 55 St & 2 Ave",40.75797322,-73.96603308,5,2303,1327,187
"704","3853","Harrison Pl & Porter Ave",40.70686,-73.92851,0,7,3,0
"705","3854","Morgan Ave & Maspeth Ave",40.71666,-73.93637,0,3,7,1
"706","3858","Kent St & McGuinness Blvd",40.73124,-73.95161,0,1,1,0
"707","386","Centre St & Worth St",40.71494807,-74.00234482,9,2129,2076,758
"708","387","Centre St & Chambers St",40.71273266,-74.0046073,28,4003,3846,773
"709","388","W 26 St & 10 Ave",40.749717753,-74.002950346,93,9040,4362,613
"710","389","Broadway & Berry St",40.71044554,-73.96525063,0,1910,826,81
"711","390","Duffield St & Willoughby St",40.69221589,-73.9842844,10,2373,1972,63
"712","391","Clark St & Henry St",40.69760127,-73.99344559,15,1625,2030,396
"713","392","Jay St & Tech Pl",40.695065,-73.987167,27,1995,1761,174
"714","393","E 5 St & Avenue C",40.72299208,-73.97995466,3,1015,501,153
"715","394","E 9 St & Avenue C",40.72521311,-73.97768752,22,1882,1031,249
"716","396","Lefferts Pl & Franklin Ave",40.680342423,-73.9557689392,1,833,446,6
"717","397","Fulton St & Clermont Ave",40.68415748,-73.96922273,0,360,157,8
"718","398","Atlantic Ave & Furman St",40.69165183,-73.9999786,12,1345,1332,144
"719","399","Lafayette Ave & St James Pl",40.68851534,-73.9647628,13,913,1044,39
"720","400","Pitt St & Stanton St",40.71926081,-73.98178024,29,282,375,129
"721","401","Allen St & Rivington St",40.72019576,-73.98997825,9,2763,1637,316
"722","402","Broadway & E 22 St",40.7403432,-73.98955109,19,17226,9496,1266
"723","403","E 2 St & 2 Ave",40.72502876,-73.99069656,6,3715,1880,357
"724","405","Washington St & Gansevoort St",40.739323,-74.008119,12,4937,3199,368
"725","406","Hicks St & Montague St",40.69512845,-73.99595065,14,827,1029,283
"726","407","Henry St & Poplar St",40.700469,-73.991454,0,197,163,16
"727","408","Market St & Cherry St",40.71076228,-73.99400398,22,634,556,120
"728","410","Suffolk St & Stanton St",40.72066442,-73.98517977,27,1792,766,144
"729","411","E 6 St & Avenue D",40.72228087,-73.97668709,11,1542,848,315
"730","412","Forsyth St & Canal St",40.7158155,-73.99422366,42,2414,1958,591
"731","414","Pearl St & Anchorage Pl",40.70281858,-73.98765762,0,1047,643,40
"732","415","Pearl St & Hanover Square",40.7047177,-74.00926027,54,3434,2272,373
"733","416","Cumberland St & Lafayette Ave",40.68753406,-73.97265183,12,752,637,31
"734","417","Barclay St & Church St",40.71291224,-74.01020234,11,4927,3828,503
"735","418","Front St & Gold St",40.70224,-73.982578,7,2088,1035,90
"736","419","Carlton Ave & Park Ave",40.69580705,-73.97355569,12,1149,740,54
"737","420","Clermont Ave & Lafayette Ave",40.68764484,-73.96968902,28,397,433,24
"738","421","Clermont Ave & Park Ave",40.69573398,-73.97129668,9,876,458,11
"739","422","W 59 St & 10 Ave",40.770513,-73.988038,16,2474,1590,387
"740","423","W 54 St & 9 Ave",40.76584941,-73.98690506,3,1419,1133,215
"741","426","West St & Chambers St",40.71754834,-74.01322069,209,14753,7894,843
"742","427","Bus Slip & State St",40.701907,-74.013942,26,2576,2750,669
"743","432","E 7 St & Avenue A",40.72621788,-73.98379855,3,3523,1897,361
"744","434","9 Ave & W 18 St",40.74317,-74.00366,9,3469,2094,203
"745","435","W 21 St & 6 Ave",40.74173969,-73.99415556,16,9404,5458,1290
"746","436","Hancock St & Bedford Ave",40.68216564,-73.95399026,6,431,255,5
"747","437","Macon St & Nostrand Ave",40.6809833854,-73.9500479759,5,2703,1249,188
"748","438","St Marks Pl & 1 Ave",40.72779126,-73.98564945,3,2806,2201,325
"749","439","E 4 St & 2 Ave",40.7262807,-73.98978041,7,3402,1536,202
"750","440","E 45 St & 3 Ave",40.75255434,-73.97282625,0,4669,3142,625
"751","441","E 52 St & 2 Ave",40.756014,-73.967416,20,2131,1079,230
"752","442","W 27 St & 7 Ave",40.746647,-73.993915,43,6861,4640,1037
"753","443","Bedford Ave & S 9 St",40.70853074,-73.96408963,3,386,178,15
"754","445","E 10 St & Avenue A",40.72740794,-73.98142006,52,2713,1170,275
"755","446","W 24 St & 7 Ave",40.74487634,-73.99529885,5,4854,3520,522
"756","447","8 Ave & W 52 St",40.76370739,-73.9851615,6,2907,3356,721
"757","448","W 37 St & 10 Ave",40.75660359,-73.9979009,3,3407,1787,445
"758","450","W 49 St & 8 Ave",40.76227205,-73.98788205,6,4098,4168,805
"759","453","W 22 St & 8 Ave",40.74475148,-73.99915362,20,2874,2146,638
"760","454","E 51 St & 1 Ave",40.75455731,-73.96592976,14,2600,1557,383
"761","455","1 Ave & E 44 St",40.75001986,-73.96905301,6,3540,5269,784
"762","456","E 53 St & Madison Ave",40.7597108,-73.97402311,4,4480,4199,567
"763","458","11 Ave & W 27 St",40.751396,-74.005226,10,7481,4485,461
"764","459","W 20 St & 11 Ave",40.746745,-74.007756,25,9520,5587,1100
"765","460","S 4 St & Wythe Ave",40.71285887,-73.96590294,6,3311,980,57
"766","461","E 20 St & 2 Ave",40.73587678,-73.98205027,7,4300,2484,684
"767","462","W 22 St & 10 Ave",40.74691959,-74.00451887,11,4461,3436,766
"768","464","E 56 St & 3 Ave",40.75935,-73.9676,1,939,821,128
"769","465","Broadway & W 41 St",40.75513557,-73.98658032,17,10539,6722,728
"770","466","W 25 St & 6 Ave",40.74395411,-73.99144871,4,8057,3386,869
"771","467","Dean St & 4 Ave",40.68312489,-73.97895137,17,2835,1913,366
"772","468","Broadway & W 56 St",40.7652654,-73.98192338,3,5169,5722,1090
"773","469","Broadway & W 53 St",40.76344058,-73.98268129,4,4524,5368,1219
"774","470","W 20 St & 8 Ave",40.74345335,-74.00004031,17,2196,2182,418
"775","471","Grand St & Havemeyer St",40.71286844,-73.95698119,0,1927,366,6
"776","472","E 32 St & Park Ave",40.7457121,-73.98194829,7,8619,4936,1307
"777","473","Rivington St & Chrystie St",40.72110063,-73.9919254,5,2050,1392,141
"778","474","5 Ave & E 29 St",40.7451677,-73.98683077,4,6936,4408,751
"779","476","E 31 St & 3 Ave",40.74394314,-73.97966069,5,2696,1508,574
"780","477","W 41 St & 8 Ave",40.75640548,-73.9900262,15,4122,4232,679
"781","478","11 Ave & W 41 St",40.76030096,-73.99884222,12,2920,2678,248
"782","479","9 Ave & W 45 St",40.76019252,-73.9912551,29,2753,2697,649
"783","480","W 53 St & 10 Ave",40.76669671,-73.99061728,1,2255,1674,252
"784","481","S 3 St & Bedford Ave",40.71260486,-73.96264403,0,2283,671,29
"785","482","W 15 St & 7 Ave",40.73935542,-73.99931783,7,4411,3232,747
"786","483","E 12 St & 3 Ave",40.73223272,-73.98889957,26,3791,1458,240
"787","484","W 44 St & 5 Ave",40.75500254,-73.98014437,4,6193,5189,1262
"788","485","W 37 St & 5 Ave",40.75038009,-73.98338988,1,4234,2788,554
"789","486","Broadway & W 29 St",40.7462009,-73.98855723,12,7204,4842,883
"790","487","E 20 St & FDR Drive",40.73314259,-73.97573881,12,1914,1916,765
"791","489","10 Ave & W 28 St",40.75066,-74.00177,6,4153,1742,340
"792","490","8 Ave & W 33 St",40.751551,-73.993934,15,7176,6196,1077
"793","491","E 24 St & Park Ave S",40.74096374,-73.98602213,12,14485,8450,1069
"794","492","W 33 St & 7 Ave",40.75019995,-73.99093085,24,5317,4027,791
"795","493","W 45 St & 6 Ave",40.7568,-73.98291,6,4293,3771,531
"796","494","W 26 St & 8 Ave",40.74734825,-73.99723551,6,3715,3151,731
"797","495","W 47 St & 10 Ave",40.76269882,-73.99301222,0,2222,2074,363
"798","496","E 16 St & 5 Ave",40.73726186,-73.99238967,34,7090,3132,635
"799","497","E 17 St & Broadway",40.73704984,-73.99009296,46,11471,6380,1407
"800","498","Broadway & W 32 St",40.74854862,-73.98808416,0,716,467,87
"801","499","Broadway & W 60 St",40.76915505,-73.98191841,29,4877,5131,834
"802","500","Broadway & W 51 St",40.76228826,-73.98336183,5,5350,5329,736
"803","501","FDR Drive & E 35 St",40.744219,-73.97121214,10,3150,1765,466
"804","502","Henry St & Grand St",40.714215,-73.981346,29,1036,975,304
"805","503","E 20 St & Park Ave",40.73827428,-73.98751968,7,6047,3482,664
"806","504","1 Ave & E 16 St",40.73221853,-73.98165557,49,4985,2971,906
"807","505","6 Ave & W 33 St",40.74901271,-73.98848395,15,4938,3120,493
"808","507","E 25 St & 2 Ave",40.73912601,-73.97973776,27,4834,2013,415
"809","508","W 46 St & 11 Ave",40.76341379,-73.99667444,46,3461,3118,397
"810","509","9 Ave & W 22 St",40.7454973,-74.00197139,3,1055,1321,273
"811","513","W 56 St & 10 Ave",40.768254,-73.988639,7,2053,2381,497
"812","514","12 Ave & W 40 St",40.76087502,-74.00277668,31,3991,4629,1608
"813","515","W 43 St & 10 Ave",40.76009437,-73.99461843,32,1818,1508,441
"814","516","E 47 St & 1 Ave",40.75206862,-73.96784384,2,2218,2343,199
"815","517","Pershing Square South",40.751581,-73.97791,4,6569,5735,1051
"816","518","E 39 St & 2 Ave",40.74780373,-73.9734419,8,5306,3241,744
"817","519","Pershing Square North",40.751873,-73.977706,27,16821,9981,1840
"818","520","W 52 St & 5 Ave",40.75992262,-73.97648516,15,8868,8154,1032
"819","522","E 51 St & Lexington Ave",40.75714758,-73.97207836,12,4403,3631,544
"820","523","W 38 St & 8 Ave",40.75466591,-73.99138152,14,5956,4587,1108
"821","524","W 43 St & 6 Ave",40.75527307,-73.98316936,1,3041,2251,366
"822","525","W 34 St & 11 Ave",40.75594159,-74.0021163,12,7320,4559,688
"823","526","E 33 St & 5 Ave",40.74765947,-73.98490707,7,4659,3440,388
"824","528","2 Ave & E 31 St",40.74290902,-73.97706058,5,3285,2322,462
"825","529","W 42 St & 8 Ave",40.7575699,-73.99098507,6,3029,1954,304
"826","530","11 Ave & W 59 St",40.7714967105444,-73.9904603362083,21,3251,3183,716
"827","531","Forsyth St & Broome St",40.71893904,-73.99266288,27,2875,1984,744
"828","532","S 5 Pl & S 5 St",40.710451,-73.960876,15,2805,1265,100
"829","533","Broadway & W 38 St",40.75299641,-73.98721619,16,6919,3645,769
"830","534","Water - Whitehall Plaza",40.70255065,-74.0127234,10,3075,2545,224
"831","536","1 Ave & E 30 St",40.74144387,-73.97536082,2,5193,4215,1141
"832","539","Metropolitan Ave & Bedford Ave",40.71534825,-73.96024116,1,4716,1576,190
"833","540","Lexington Ave & E 29 St",40.7431155537649,-73.9821535348892,7,4018,1951,294
"834","545","E 23 St & 1 Ave",40.736502,-73.97809472,96,5432,3414,862
"835","546","E 30 St & Park Ave S",40.74444921,-73.98303529,5,5955,3510,613
"836","72","W 52 St & 11 Ave",40.76727216,-73.99392888,8,3160,2537,568
"837","79","Franklin St & W Broadway",40.71911552,-74.00666661,23,2760,1915,299
"838","82","St James Pl & Pearl St",40.71117416,-74.00016545,9,744,790,301
"839","83","Atlantic Ave & Fort Greene Pl",40.68382604,-73.97632328,4,1894,1381,156
"840","NULL","NULL",40.857,-73.902,1,30,2,0
