"","stationId","stationName","latitude","longitude","totalHires","manHires","womanHires"
"1","359","E 47 St & Park Ave",40.75510267,-73.97498696,29488,25601,3332
"2","519","Pershing Square North",40.751873,-73.977706,25419,20884,3992
"3","3664","North Moore St & Greenwich St",40.7201952143746,-74.0103006362915,25409,21961,3126
"4","402","Broadway & E 22 St",40.7403432,-73.98955109,25059,18148,6486
"5","491","E 24 St & Park Ave S",40.74096374,-73.98602213,21456,17731,3154
"6","426","West St & Chambers St",40.71754834,-74.01322069,20711,13256,6593
"7","3443","W 52 St & 6 Ave",40.7613298312481,-73.9798200130463,20199,16995,2908
"8","281","Grand Army Plaza & Central Park S",40.7643971,-73.97371465,18615,13581,4013
"9","520","W 52 St & 5 Ave",40.75992262,-73.97648516,17086,14484,2332
"10","3233","E 48 St & 5 Ave",40.7572456791173,-73.978059142828,17005,14309,2369
"11","465","Broadway & W 41 St",40.75513557,-73.98658032,16310,12487,3273
"12","497","E 17 St & Broadway",40.73704984,-73.99009296,16149,11230,4604
"13","377","6 Ave & Canal St",40.72243797,-74.00566443,15824,12065,3289
"14","173","Broadway & W 49 St",40.7606832709659,-73.9845272898674,15653,13189,2052
"15","285","Broadway & E 14 St",40.73454567,-73.99074142,14652,10336,3902
"16","304","Broadway & Battery Pl",40.70463334,-74.01361706,14407,9832,4084
"17","3141","1 Ave & E 68 St",40.76500525,-73.95818491,14305,8814,5091
"18","168","W 18 St & 6 Ave",40.73971301,-73.99456405,14129,10274,3532
"19","459","W 20 St & 11 Ave",40.746745,-74.007756,13475,9447,3668
"20","3263","Cooper Square & Astor Pl",40.7295149622495,-73.990752696991,13453,8989,4079
"21","347","Greenwich St & W Houston St",40.728846,-74.008591,13429,9907,3149
"22","435","W 21 St & 6 Ave",40.74173969,-73.99415556,13415,8969,4081
"23","472","E 32 St & Park Ave",40.7457121,-73.98194829,13333,10076,3033
"24","293","Lafayette St & E 8 St",40.7302066052995,-73.9910262823105,13324,9562,3253
"25","327","Vesey Pl & River Terrace",40.7153379,-74.01658354,12925,9750,2827
"26","388","W 26 St & 10 Ave",40.749717753,-74.002950346,12761,8362,4149
"27","3459","E 53 St & 3 Ave",40.7576322773944,-73.9693057537079,12628,10595,1791
"28","517","Pershing Square South",40.751581,-73.97791,12326,10103,1937
"29","3641","Broadway & W 25 St",40.7428687731211,-73.9891862869263,12164,9467,2213
"30","490","8 Ave & W 33 St",40.751551,-73.993934,12135,10031,1810
"31","484","W 44 St & 5 Ave",40.75500254,-73.98014437,11774,9594,1943
"32","212","W 16 St & The High Line",40.74334935,-74.00681753,11177,7934,2844
"33","379","W 31 St & 7 Ave",40.749156,-73.9916,11172,8292,2548
"34","442","W 27 St & 7 Ave",40.746647,-73.993915,11132,7988,2965
"35","486","Broadway & W 29 St",40.7462009,-73.98855723,11049,8200,2498
"36","3255","8 Ave & W 31 St",40.7505853470215,-73.9946848154068,10922,8258,2170
"37","458","11 Ave & W 27 St",40.751396,-74.005226,10887,8036,2651
"38","474","5 Ave & E 29 St",40.7451677,-73.98683077,10883,8594,2073
"39","167","E 39 St & 3 Ave",40.7489006,-73.97604882,10860,8202,2290
"40","358","Christopher St & Greenwich St",40.73291553,-74.00711384,10809,8023,2541
"41","466","W 25 St & 6 Ave",40.74395411,-73.99144871,10783,8303,2212
"42","500","Broadway & W 51 St",40.76228826,-73.98336183,10697,8907,1488
"43","468","Broadway & W 56 St",40.7652654,-73.98192338,10587,8087,2259
"44","3002","South End Ave & Liberty St",40.711512,-74.015756,10509,7194,2864
"45","337","Old Slip & Front St",40.7037992,-74.00838676,10430,7750,2468
"46","533","Broadway & W 38 St",40.75299641,-73.98721619,10403,7553,2291
"47","3674","Jay St & York St",40.7014031725772,-73.9867267012596,10325,6943,3007
"48","469","Broadway & W 53 St",40.76344058,-73.98268129,10275,8342,1765
"49","525","W 34 St & 11 Ave",40.75594159,-74.0021163,10190,7801,1921
"50","3235","E 41 St & Madison Ave",40.752165280622,-73.9799219369888,10166,8492,1339
"51","229","Great Jones St",40.72743423,-73.99379025,10002,6596,3087
"52","523","W 38 St & 8 Ave",40.75466591,-73.99138152,9989,8028,1645
"53","128","MacDougal St & Prince St",40.72710258,-74.00297088,9842,6519,2968
"54","3680","E 43 St & 5 Ave",40.7541208107793,-73.9802518486977,9714,8333,1194
"55","195","Liberty St & Broadway",40.70905623,-74.01043382,9629,7362,1956
"56","3687","E 33 St & 1 Ave",40.7432268143217,-73.9744978398085,9545,6781,2426
"57","496","E 16 St & 5 Ave",40.73726186,-73.99238967,9486,7314,2013
"58","164","E 47 St & 2 Ave",40.75323098,-73.97032517,9392,7019,2192
"59","151","Cleveland Pl & Spring St",40.722103786686,-73.997249007225,9390,6427,2475
"60","536","1 Ave & E 30 St",40.74144387,-73.97536082,9208,6490,2406
"61","455","1 Ave & E 44 St",40.75001986,-73.96905301,8914,5588,3079
"62","546","E 30 St & Park Ave S",40.74444921,-73.98303529,8909,6614,2096
"63","2012","E 27 St & 1 Ave",40.739445,-73.976806,8904,6119,2485
"64","503","E 20 St & Park Ave",40.73827428,-73.98751968,8880,6672,2006
"65","2006","Central Park S & 6 Ave",40.76590936,-73.97634151,8751,5648,2433
"66","305","E 58 St & 3 Ave",40.76095756,-73.96724467,8751,7307,1316
"67","417","Barclay St & Church St",40.71291224,-74.01020234,8549,6448,1771
"68","545","E 23 St & 1 Ave",40.736502,-73.97809472,8489,6277,2054
"69","456","E 53 St & Madison Ave",40.7597108,-73.97402311,8465,7355,962
"70","3707","Lexington Ave & E 26 St",40.741459,-73.983293,8385,6251,1952
"71","315","South St & Gouverneur Ln",40.70355377,-74.00670227,8384,5648,2396
"72","3467","W Broadway & Spring Street",40.7249467235942,-74.0016585588455,8362,5817,2238
"73","492","W 33 St & 7 Ave",40.75019995,-73.99093085,8173,6310,1451
"74","257","Lispenard St & Broadway",40.71939226,-74.00247214,8037,5927,1885
"75","514","12 Ave & W 40 St",40.76087502,-74.00277668,8022,5533,2079
"76","319","Fulton St & Broadway",40.711066,-74.009447,8013,5559,2065
"77","3260","Mercer St & Bleecker St",40.7270636334831,-73.9966213703155,7951,5869,1858
"78","450","W 49 St & 8 Ave",40.76227205,-73.98788205,7918,6811,947
"79","518","E 39 St & 2 Ave",40.74780373,-73.9734419,7912,5497,2256
"80","499","Broadway & W 60 St",40.76915505,-73.98191841,7882,5503,2014
"81","493","W 45 St & 6 Ave",40.7568,-73.98291,7851,6617,1000
"82","309","Murray St & West St",40.7149787,-74.013012,7813,5902,1690
"83","3746","6 Ave & Broome St",40.7243083216022,-74.0047303587198,7749,5745,1780
"84","522","E 51 St & Lexington Ave",40.75714758,-73.97207836,7749,6327,1212
"85","362","Broadway & W 37 St",40.75172632,-73.98753523,7747,5507,2086
"86","440","E 45 St & 3 Ave",40.75255434,-73.97282625,7686,6234,1319
"87","228","E 48 St & 3 Ave",40.7546011026,-73.971878855,7565,6440,995
"88","526","E 33 St & 5 Ave",40.74765947,-73.98490707,7515,5779,1544
"89","3461","Murray St & Greenwich St",40.7148515052625,-74.0112233161926,7438,5729,1460
"90","116","W 17 St & 8 Ave",40.74178,-74.0015,7433,5702,1566
"91","3686","Gansevoort St & Hudson St",40.739448201304,-74.0050703287125,7397,4836,2197
"92","3463","E 16 St & Irving Pl",40.7353670556054,-73.9879739284515,7334,5644,1563
"93","284","Greenwich Ave & 8 Ave",40.73902,-74.00264,7297,4950,2154
"94","477","W 41 St & 8 Ave",40.75640548,-73.9900262,7292,6129,886
"95","3708","W 13 St & 5 Ave",40.735445,-73.99431,7222,4581,2483
"96","446","W 24 St & 7 Ave",40.74487634,-73.99529885,7194,4942,2007
"97","505","6 Ave & W 33 St",40.74901271,-73.98848395,7111,5156,1510
"98","127","Barrow St & Hudson St",40.73172428,-74.00674436,7090,4895,2006
"99","504","1 Ave & E 16 St",40.73221853,-73.98165557,6999,4872,1923
"100","297","E 15 St & 3 Ave",40.734232,-73.986923,6962,5107,1672
"101","3440","Fulton St & Adams St",40.6924182925785,-73.989494740963,6945,4587,2088
"102","482","W 15 St & 7 Ave",40.73935542,-73.99931783,6908,5050,1598
"103","368","Carmine St & 6 Ave",40.73038599,-74.00214988,6810,4805,1717
"104","3156","E 72 St & York Ave",40.76663814,-73.95348296,6778,4930,1675
"105","387","Centre St & Chambers St",40.71273266,-74.0046073,6719,4620,1696
"106","485","W 37 St & 5 Ave",40.75038009,-73.98338988,6705,5372,1186
"107","3435","Grand St & Elizabeth St",40.718822,-73.99596,6689,4633,1814
"108","324","DeKalb Ave & Hudson Ave",40.689888,-73.981013,6630,4583,1873
"109","3724","7 Ave & Central Park South",40.7667405590595,-73.9790689945221,6614,4123,2054
"110","462","W 22 St & 10 Ave",40.74691959,-74.00451887,6580,4944,1479
"111","303","Mercer St & Spring St",40.72362738,-73.99949601,6542,4836,1486
"112","334","W 20 St & 7 Ave",40.74238787,-73.99726235,6537,4692,1666
"113","3427","Lafayette St & Jersey St",40.7243052725033,-73.9960098266602,6513,4526,1831
"114","3119","Vernon Blvd & 50 Ave",40.74232744,-73.95411749,6487,5091,1232
"115","405","Washington St & Gansevoort St",40.739323,-74.008119,6476,4275,1949
"116","382","University Pl & E 14 St",40.73492695,-73.99200509,6441,4503,1774
"117","351","Front St & Maiden Ln",40.70530954,-74.00612572,6287,4403,1689
"118","3507","Park Ave & E 124 St",40.8045555,-73.9396861,6248,4842,1279
"119","3429","Hanson Pl & Ashland Pl",40.6850680730818,-73.9779075980186,6130,4319,1670
"120","328","Watts St & Greenwich St",40.72405549,-74.00965965,6109,4401,1583
"121","268","Howard St & Centre St",40.71910537,-73.99973337,6051,4635,1216
"122","461","E 20 St & 2 Ave",40.73587678,-73.98205027,6049,4474,1454
"123","494","W 26 St & 8 Ave",40.74734825,-73.99723551,6038,4269,1497
"124","174","E 25 St & 1 Ave",40.7381765,-73.97738662,5976,4356,1512
"125","3093","N 6 St & Bedford Ave",40.71745169,-73.95850939,5960,4254,1400
"126","3132","E 59 St & Madison Ave",40.76350532,-73.97109243,5907,4714,976
"127","530","11 Ave & W 59 St",40.7714967105444,-73.9904603362083,5901,4264,1430
"128","312","Allen St & Stanton St",40.722055,-73.989111,5881,4038,1654
"129","508","W 46 St & 11 Ave",40.76341379,-73.99667444,5880,4648,968
"130","507","E 25 St & 2 Ave",40.73912601,-73.97973776,5847,4491,1225
"131","447","8 Ave & W 52 St",40.76370739,-73.9851615,5800,4447,1165
"132","335","Washington Pl & Broadway",40.72903917,-73.99404649,5796,4390,1196
"133","3472","W 15 St & 10 Ave",40.742753828659,-74.0074735879898,5719,4132,1415
"134","3256","Pier 40 - Hudson River Park",40.7277140777778,-74.011295735836,5633,3771,1449
"135","251","Mott St & Prince St",40.72317958,-73.99480012,5582,3640,1674
"136","415","Pearl St & Hanover Square",40.7047177,-74.00926027,5566,4204,1253
"137","540","Lexington Ave & E 29 St",40.7431155537649,-73.9821535348892,5469,4193,1139
"138","534","Water - Whitehall Plaza",40.70255065,-74.0127234,5361,4257,971
"139","259","South St & Whitehall St",40.70122128,-74.01234218,5303,3887,1228
"140","489","10 Ave & W 28 St",40.75066,-74.00177,5272,3598,1524
"141","524","W 43 St & 6 Ave",40.75527307,-73.98316936,5269,4305,796
"142","223","W 13 St & 7 Ave",40.73781509,-73.99994661,5261,3506,1633
"143","360","William St & Pine St",40.70717936,-74.00887308,5237,3921,1207
"144","427","Bus Slip & State St",40.701907,-74.013942,5183,3711,1254
"145","3715","Driggs Ave & N 9 St",40.7181696945421,-73.9552013576031,5107,3482,1519
"146","539","Metropolitan Ave & Bedford Ave",40.71534825,-73.96024116,5007,2997,1831
"147","239","Willoughby St & Fleet St",40.69196566,-73.9813018,5000,3648,1196
"148","2000","Front St & Washington St",40.70255088,-73.98940236,4994,3520,1110
"149","2017","E 43 St & 2 Ave",40.75022392,-73.97121414,4993,3705,1159
"150","323","Lawrence St & Willoughby St",40.69236178,-73.98631746,4981,3585,1267
"151","2023","E 55 St & Lexington Ave",40.75968085,-73.97031366,4976,4424,480
"152","72","W 52 St & 11 Ave",40.76727216,-73.99392888,4975,4018,852
"153","161","LaGuardia Pl & W 3 St",40.72917025,-73.99810231,4966,3430,1245
"154","434","9 Ave & W 18 St",40.74317,-74.00366,4950,3772,950
"155","479","9 Ave & W 45 St",40.76019252,-73.9912551,4819,3913,754
"156","143","Clinton St & Joralemon St",40.69239502,-73.99337909,4738,2911,1641
"157","528","2 Ave & E 31 St",40.74290902,-73.97706058,4735,3443,1047
"158","3318","2 Ave & E 96 St",40.7839636,-73.9471673,4700,3233,1309
"159","403","E 2 St & 2 Ave",40.72502876,-73.99069656,4644,3115,1363
"160","307","Canal St & Rutgers St",40.71427487,-73.98990025,4623,2714,1603
"161","448","W 37 St & 10 Ave",40.75660359,-73.9979009,4574,3523,917
"162","3092","Berry St & N 8 St",40.7190095,-73.95852515,4556,2855,1540
"163","467","Dean St & 4 Ave",40.68312489,-73.97895137,4492,3414,942
"164","478","11 Ave & W 41 St",40.76030096,-73.99884222,4475,3647,683
"165","3367","5 Ave & E 103 St",40.7922553,-73.95249933,4460,2876,1488
"166","316","Fulton St & William St",40.70955958,-74.00653609,4442,3265,1028
"167","330","Reade St & Broadway",40.71450451,-74.00562789,4412,3256,1069
"168","280","E 10 St & 5 Ave",40.73331967,-73.99510132,4401,3087,1164
"169","336","Sullivan St & Washington Sq",40.73047747,-73.99906065,4398,3011,1139
"170","314","Cadman Plaza West & Montague St",40.69383,-73.990539,4357,2782,1494
"171","2008","Little West St & 1 Pl",40.70569254,-74.01677685,4349,2910,1154
"172","531","Forsyth St & Broome St",40.71893904,-73.99266288,4345,2712,1524
"173","453","W 22 St & 8 Ave",40.74475148,-73.99915362,4340,3076,1145
"174","3660","W 16 St & 8 Ave",40.7410215090027,-74.001384973526,4315,3418,825
"175","501","FDR Drive & E 35 St",40.744219,-73.97121214,4313,2648,1510
"176","432","E 7 St & Avenue A",40.72621788,-73.98379855,4302,2974,1162
"177","279","Peck Slip & Front St",40.707873,-74.00167,4293,2704,1407
"178","483","E 12 St & 3 Ave",40.73223272,-73.98889957,4281,3123,1034
"179","3142","1 Ave & E 62 St",40.7612274,-73.96094022,4273,2728,1409
"180","516","E 47 St & 1 Ave",40.75206862,-73.96784384,4223,2778,1372
"181","386","Centre St & Worth St",40.71494807,-74.00234482,4219,2850,1159
"182","529","W 42 St & 8 Ave",40.7575699,-73.99098507,4197,3356,656
"183","217","Old Fulton St",40.70277159,-73.99383605,4178,2733,1113
"184","3232","Bond St & Fulton St",40.6896218879033,-73.9830426871777,4177,2900,1135
"185","254","W 11 St & 6 Ave",40.73532427,-73.99800419,4166,2633,1304
"186","3416","7 Ave & Park Pl",40.6776147,-73.97324283,4146,2800,1171
"187","79","Franklin St & W Broadway",40.71911552,-74.00666661,4140,2903,1150
"188","3656","E 2 St & Avenue A",40.7230774906867,-73.9858362078667,4109,2844,1135
"189","438","St Marks Pl & 1 Ave",40.72779126,-73.98564945,4105,2840,1104
"190","3244","University Pl & E 8 St",40.7314372408523,-73.9949034154415,4099,2819,1079
"191","2002","Wythe Ave & Metropolitan Ave",40.716887,-73.963198,4059,2574,1311
"192","264","Maiden Ln & Pearl St",40.70706456,-74.00731853,4043,2865,1046
"193","3409","Bergen St & Smith St",40.6867443,-73.99063168,4020,2587,1299
"194","325","E 19 St & 3 Ave",40.73624527,-73.98473765,3994,2718,1178
"195","320","Leonard St & Church St",40.717571,-74.005549,3961,2516,1334
"196","3223","E 55 St & 3 Ave",40.7589965596051,-73.9686539769173,3960,3487,413
"197","260","Broad St & Bridge St",40.70365182,-74.01167797,3959,2982,841
"198","390","Duffield St & Willoughby St",40.69221589,-73.9842844,3959,3251,615
"199","3134","3 Ave & E 62 St",40.76312584,-73.96526895,3950,3252,521
"200","513","W 56 St & 10 Ave",40.768254,-73.988639,3939,3200,655
"201","3016","Kent Ave & N 7 St",40.7203677529846,-73.9616507291794,3921,2336,1350
"202","146","Hudson St & Reade St",40.71625008,-74.0091059,3912,2567,1205
"203","3345","Madison Ave & E 99 St",40.7894854155321,-73.9524292945862,3911,2725,1073
"204","3164","Columbus Ave & W 72 St",40.7770575,-73.97898475,3909,2549,1238
"205","3712","W 35 St & Dyer Ave",40.754691750226,-73.9974018931389,3904,3132,694
"206","3086","Graham Ave & Conselyea St",40.715143,-73.944507,3883,2733,1023
"207","3158","W 63 St & Broadway",40.77163851,-73.98261428,3857,3022,703
"208","439","E 4 St & 2 Ave",40.7262807,-73.98978041,3813,2422,1220
"209","487","E 20 St & FDR Drive",40.73314259,-73.97573881,3803,2826,922
"210","3721","31 St & Newtown Ave",40.7675487799971,-73.9209334552288,3799,2580,1050
"211","3711","E 13 St & Avenue A",40.7296672939298,-73.9806796610355,3788,2772,912
"212","361","Allen St & Hester St",40.71605866,-73.99190759,3768,2545,1043
"213","454","E 51 St & 1 Ave",40.75455731,-73.96592976,3739,2680,944
"214","2003","1 Ave & E 18 St",40.7338121919663,-73.9805442094803,3710,2785,801
"215","495","W 47 St & 10 Ave",40.76269882,-73.99301222,3701,2870,550
"216","3258","W 27 St & 10 Ave",40.7501815632568,-74.0021842718124,3696,2514,1091
"217","376","John St & William St",40.70862144,-74.00722156,3685,2755,874
"218","321","Cadman Plaza E & Red Cross Pl",40.69991755,-73.98971773,3661,2457,1013
"219","412","Forsyth St & Canal St",40.7158155,-73.99422366,3630,2165,1242
"220","422","W 59 St & 10 Ave",40.770513,-73.988038,3630,2517,993
"221","363","West Thames St",40.70834698,-74.01713445,3582,2494,977
"222","355","Bayard St & Baxter St",40.71602118,-73.99974372,3576,2445,867
"223","3078","Broadway & Roebling St",40.7092482627616,-73.9606314897537,3571,2321,1133
"224","224","Spruce St & Nassau St",40.71146364,-74.00552427,3569,2462,931
"225","3690","Park Pl & Church St",40.7133418427591,-74.0093551576138,3554,2505,962
"226","470","W 20 St & 8 Ave",40.74345335,-74.00004031,3552,2597,844
"227","249","Harrison St & Hudson St",40.71870987,-74.0090009,3539,2853,640
"228","267","Broadway & W 36 St",40.75097711,-73.98765428,3529,2570,877
"229","437","Macon St & Nostrand Ave",40.6809833854,-73.9500479759,3502,2473,923
"230","3457","E 58 St & Madison Ave",40.7630259428052,-73.9720952510834,3495,2780,660
"231","3137","5 Ave & E 73 St",40.77282817,-73.96685276,3488,1964,1139
"232","311","Norfolk St & Broome St",40.7172274,-73.98802084,3487,2197,1187
"233","3526","31 St & 23 Ave",40.7747878,-73.9125551,3449,2708,581
"234","3725","2 Ave & E 72 St",40.7687620293096,-73.9584079384804,3405,2249,919
"235","480","W 53 St & 10 Ave",40.76669671,-73.99061728,3379,2688,579
"236","392","Jay St & Tech Pl",40.695065,-73.987167,3369,2427,723
"237","3167","Amsterdam Ave & W 73 St",40.7796680900731,-73.9809304475784,3349,2265,952
"238","476","E 31 St & 3 Ave",40.74394314,-73.97966069,3349,2562,692
"239","3155","Lexington Ave & E 63 St",40.76440023,-73.96648977,3341,2552,638
"240","2021","W 45 St & 8 Ave",40.75929124,-73.98859651,3327,2412,708
"241","391","Clark St & Henry St",40.69760127,-73.99344559,3305,2411,771
"242","326","E 11 St & 1 Ave",40.72953837,-73.98426726,3297,2219,977
"243","296","Division St & Bowery",40.71413089,-73.9970468,3279,2025,1089
"244","3486","Schermerhorn St & Bond St",40.6884174275408,-73.9845165610313,3278,2109,979
"245","252","MacDougal St & Washington Sq",40.73226398,-73.99852205,3276,2134,1009
"246","3140","1 Ave & E 78 St",40.77140426,-73.9535166,3256,2075,979
"247","385","E 55 St & 2 Ave",40.75797322,-73.96603308,3235,2576,612
"248","460","S 4 St & Wythe Ave",40.71285887,-73.96590294,3197,1926,1069
"249","401","Allen St & Rivington St",40.72019576,-73.98997825,3196,2139,900
"250","3163","Central Park West & W 68 St",40.7734066,-73.97782542,3188,2036,806
"251","265","Stanton St & Chrystie St",40.72229346,-73.99147535,3186,2264,741
"252","3112","Milton St & Franklin St",40.72906,-73.95779,3130,2143,890
"253","380","W 4 St & 7 Ave S",40.73401143,-74.00293877,3106,2176,755
"254","3788","E 12 St & 4 Av",40.73269,-73.98974,3097,2039,930
"255","383","Greenwich Ave & Charles St",40.735238,-74.000271,3091,1928,1051
"256","237","E 11 St & 2 Ave",40.73047309,-73.98672378,3089,2311,641
"257","3129","Queens Plaza North & Crescent St",40.75110165,-73.94073717,3089,2172,678
"258","3159","W 67 St & Broadway",40.77492513,-73.98266566,3084,2143,886
"259","3658","W 18 St & 9 Ave",40.7435337324616,-74.0036755800247,3036,2355,586
"260","441","E 52 St & 2 Ave",40.756014,-73.967416,3021,2313,642
"261","3783","Cliff St & Fulton St",40.70838,-74.00495,3003,2192,738
"262","83","Atlantic Ave & Fort Greene Pl",40.68382604,-73.97632328,2958,2297,536
"263","301","E 2 St & Avenue B",40.72217444,-73.98368779,2924,1863,926
"264","276","Duane St & Greenwich St",40.71748752,-74.0104554,2896,2009,761
"265","532","S 5 Pl & S 5 St",40.710451,-73.960876,2893,1787,742
"266","3648","Flushing Ave & Vanderbilt Ave",40.6979503156954,-73.970775604248,2868,1703,1002
"267","317","E 6 St & Avenue B",40.72453734,-73.98185424,2859,1979,808
"268","3259","9 Ave & W 28 St",40.7493702419328,-73.9992338418961,2853,1983,701
"269","418","Front St & Gold St",40.70224,-73.982578,2831,1797,848
"270","236","St Marks Pl & 2 Ave",40.7284186,-73.98713956,2822,1940,744
"271","445","E 10 St & Avenue A",40.72740794,-73.98142006,2792,1935,742
"272","3521","Lenox Ave & W 111 St",40.7987859,-73.9523,2768,1921,650
"273","350","Clinton St & Grand St",40.71559509,-73.9870295,2763,1423,1229
"274","3242","Schermerhorn St & Court St",40.6910292567797,-73.991833627224,2739,1588,987
"275","515","W 43 St & 10 Ave",40.76009437,-73.99461843,2701,2048,572
"276","473","Rivington St & Chrystie St",40.72110063,-73.9919254,2699,1742,804
"277","3402","Court St & State St",40.6902375,-73.99203074,2677,1515,1056
"278","3154","E 77 St & 3 Ave",40.77314236,-73.95856158,2594,1880,671
"279","243","Fulton St & Rockwell Pl",40.688226,-73.979382,2579,1691,790
"280","3378","E 76 St & Park Ave",40.773763,-73.96222088,2532,1959,506
"281","3136","5 Ave & E 63 St",40.766368,-73.971518,2513,1785,564
"282","346","Bank St & Hudson St",40.73652889,-74.00618026,2509,1720,692
"283","3709","W 15 St & 6 Ave",40.7380461424828,-73.996429592371,2489,1736,664
"284","3798","W 40 St & 5 Ave",40.75227,-73.98208,2489,1918,485
"285","3382","Carroll St & Smith St",40.680611,-73.99475825,2476,1582,712
"286","3418","Plaza St West & Flatbush Ave",40.6750207,-73.97111473,2474,1525,774
"287","3107","Bedford Ave & Nassau Ave",40.72311651,-73.95212324,2459,1682,668
"288","310","State St & Smith St",40.68926942,-73.98912867,2435,1651,719
"289","3126","44 Dr & Jackson Ave",40.74718234,-73.9432635,2433,1772,531
"290","3747","E 84 St & 3 Ave",40.7775537429889,-73.9551275968552,2411,1604,719
"291","274","Lafayette Ave & Fort Greene Pl",40.68691865,-73.976682,2409,1588,682
"292","3376","E 65 St & 2 Ave",40.7647185194434,-73.962220698595,2394,1486,776
"293","3282","5 Ave & E 88 St",40.78307,-73.95939,2356,1203,748
"294","3593","31 St & Broadway",40.761584,-73.925921,2355,1568,686
"295","3372","E 74 St & 1 Ave",40.7689738,-73.95482273,2332,1610,676
"296","3555","28 St & 41 Ave",40.751047,-73.93797,2311,1771,424
"297","3668","Leonard St & Nassau Ave",40.7239567849954,-73.9498436450958,2300,1534,675
"298","3314","W 95 St & Broadway",40.7937704,-73.971888,2298,1816,325
"299","394","E 9 St & Avenue C",40.72521311,-73.97768752,2288,1572,633
"300","3143","5 Ave & E 78 St",40.7763214218227,-73.9642739295959,2270,1336,749
"301","313","Washington Ave & Park Ave",40.69610226,-73.96751037,2264,1409,742
"302","3508","St Nicholas Ave & Manhattan Ave",40.809725,-73.953149,2239,1670,489
"303","3584","Eastern Pkwy & Franklin Ave",40.6707767,-73.9576801,2238,1675,508
"304","3165","Central Park West & W 72 St",40.7757937668367,-73.9762057363987,2213,1492,454
"305","150","E 2 St & Avenue C",40.7208736,-73.98085795,2211,1314,835
"306","242","Carlton Ave & Flushing Ave",40.697787,-73.973736,2186,1584,503
"307","3101","N 12 St & Bedford Ave",40.72079821,-73.95484712,2164,1248,823
"308","423","W 54 St & 9 Ave",40.76584941,-73.98690506,2131,1510,498
"309","3697","W 64 St & Thelonious Monk Circle",40.7751595343424,-73.9891869574785,2116,1483,582
"310","248","Laight St & Hudson St",40.72185379,-74.00771779,2101,1456,568
"311","3295","Central Park W & W 96 St",40.79127,-73.964839,2088,1155,813
"312","3733","Avenue C & E 18 St",40.730563,-73.973984,2082,1700,322
"313","3718","E 11 St & Avenue B",40.7274642069239,-73.9795041829348,2081,1443,562
"314","509","9 Ave & W 22 St",40.7454973,-74.00197139,2052,1473,512
"315","481","S 3 St & Bedford Ave",40.71260486,-73.96264403,2048,1233,686
"316","389","Broadway & Berry St",40.71044554,-73.96525063,2047,1396,570
"317","241","DeKalb Ave & S Portland Ave",40.68981035,-73.97493121,2028,1359,578
"318","3236","W 42 St & Dyer Ave",40.7589848139963,-73.9937996864319,2021,1440,471
"319","3130","21 St & Queens Plaza North",40.75325964,-73.94335788,2006,1382,512
"320","3420","Douglass St & 3 Ave",40.6802133,-73.98432695,2003,1296,641
"321","398","Atlantic Ave & Furman St",40.69165183,-73.9999786,1974,1025,753
"322","3363","E 102 St & Park Ave",40.7904828,-73.95033068,1972,1345,583
"323","238","Bank St & Washington St",40.7361967,-74.00859207,1971,1212,669
"324","3336","E 97 St & Madison Ave",40.787801,-73.953559,1958,1224,682
"325","308","St James Pl & Oliver St",40.71307916,-73.99851193,1948,1343,500
"326","3175","W 70 St & Amsterdam Ave",40.77748046,-73.98288594,1947,1327,571
"327","3737","Stanton St & Norfolk St",40.720747,-73.986274,1934,1152,672
"328","3615","44 Dr & 21 St",40.748,-73.9460927,1921,1526,351
"329","302","Avenue D & E 3 St",40.72082834,-73.97793172,1919,909,940
"330","3628","Lenox Ave & W 117 St",40.8025566,-73.9490782,1919,1267,567
"331","369","Washington Pl & 6 Ave",40.73224,-74.00026,1914,1395,454
"332","3335","Union St & 4 Ave",40.6772744,-73.98282002,1907,1268,547
"333","410","Suffolk St & Stanton St",40.72066442,-73.98517977,1902,1278,508
"334","3469","India St & West St",40.7318140172097,-73.9599502086639,1901,1239,602
"335","3414","Bergen St & Flatbush Ave",40.6809447234773,-73.9756733179092,1896,1290,481
"336","3110","Meserole Ave & Manhattan Ave",40.72708584,-73.95299117,1883,1326,468
"337","3096","Union Ave & N 12 St",40.71924,-73.95242,1874,1232,557
"338","3734","E 58 St &  1 Ave (NW Corner)",40.759125,-73.962658,1860,1449,335
"339","3087","Metropolitan Ave & Meeker Ave",40.71413311,-73.95234386,1842,1129,617
"340","3360","Amsterdam Ave & W 79 St",40.7829391,-73.9786517,1838,1124,595
"341","250","Lafayette St & Jersey St",40.72456,-73.99565,1832,1309,487
"342","3749","Lexington Ave & E 36 St",40.7475739589548,-73.9788007736206,1832,1393,384
"343","3572","34 Ave & 38 St",40.756913,-73.921631,1813,1309,473
"344","411","E 6 St & Avenue D",40.72228087,-73.97668709,1803,1187,541
"345","364","Lafayette Ave & Classon Ave",40.68900443,-73.96023854,1799,1179,559
"346","3374","Central Park North & Adam Clayton Powell Blvd",40.799484,-73.955613,1794,1090,470
"347","3064","Myrtle Ave & Lewis Ave",40.69681963,-73.93756926,1793,1115,561
"348","3379","E 103 St & Lexington Ave",40.7903051,-73.94755757,1790,1267,414
"349","3346","Berkeley Pl & 7 Ave",40.6751468387098,-73.9752320945263,1782,965,675
"350","502","Henry St & Grand St",40.714215,-73.981346,1761,1062,659
"351","3453","Devoe St & Lorimer St",40.7133522622288,-73.9491033554077,1757,1055,660
"352","343","Clinton Ave & Flushing Ave",40.69794,-73.96986848,1746,1008,640
"353","3301","Columbus Ave & W 95 St",40.7919557,-73.968087,1744,1237,454
"354","282","Kent Ave & S 11 St",40.7076449441757,-73.9684152603149,1741,1108,496
"355","464","E 56 St & 3 Ave",40.75935,-73.9676,1723,1491,207
"356","3139","E 72 St & Park Ave",40.7711828754066,-73.9640942215919,1708,1232,400
"357","3518","Lenox Ave & W 126 St",40.808442,-73.9452087,1688,1126,433
"358","3125","45 Rd & 11 St",40.74708586,-73.94977234,1687,1294,360
"359","3305","E 91 St & 2 Ave",40.7811222993417,-73.9496558904648,1678,1098,528
"360","3109","Banker St & Meserole Ave",40.72606,-73.95621,1677,1080,482
"361","3458","W 55 St & 6 Ave",40.763093872708,-73.9783501625061,1677,1393,268
"362","3113","Greenpoint Ave & Manhattan Ave",40.73026,-73.95394,1670,1141,468
"363","3296","E 93 St & 2 Ave",40.7824541752799,-73.9489196240902,1657,1036,551
"364","3168","Central Park West & W 85 St",40.78472675,-73.96961715,1644,1001,465
"365","3408","Congress St & Clinton St",40.6881529,-73.99520919,1638,1085,482
"366","3787","Dock 72 Way & Market St",40.69985,-73.97141,1631,1024,560
"367","3283","W 89 St & Columbus Ave",40.7882213,-73.97041561,1630,1027,535
"368","3118","McGuinness Blvd & Eagle St",40.73555,-73.95284,1624,1167,398
"369","342","Columbia St & Rivington St",40.71739973,-73.98016555,1624,1100,483
"370","399","Lafayette Ave & St James Pl",40.68851534,-73.9647628,1622,1274,314
"371","295","Pike St & E Broadway",40.71406667,-73.99293911,1621,1087,459
"372","3701","Cliff St & Fulton St",40.708317943664,-74.0050408244133,1618,1309,279
"373","341","Stanton St & Mangin St",40.71782143,-73.97628939,1617,1015,546
"374","340","Madison St & Clinton St",40.71269042,-73.98776323,1616,888,591
"375","261","Johnson St & Gold St",40.69474881,-73.98362464,1614,1182,381
"376","349","Rivington St & Ridge St",40.71850211,-73.98329859,1599,1031,481
"377","3809","W 55 St & 6 Ave",40.7632,-73.97846,1597,1321,213
"378","2022","E 60 St & York Ave",40.759107,-73.959223,1595,1083,459
"379","3108","Nassau Ave & Russell St",40.72557,-73.94434,1572,1116,367
"380","471","Grand St & Havemeyer St",40.71286844,-73.95698119,1565,837,655
"381","3151","E 81 St & York Ave",40.7728384,-73.94989233,1559,1093,438
"382","3398","Smith St & 9 St",40.6746957,-73.99785768,1558,941,513
"383","3692","5 St & Market St",40.6999974843885,-73.9744012802839,1546,1258,253
"384","3131","E 68 St & 3 Ave",40.7671284034954,-73.9622461795807,1542,1162,343
"385","3170","W 84 St & Columbus Ave",40.78499979,-73.97283406,1542,1039,414
"386","3423","West Drive & Prospect Park West",40.6610633719006,-73.9794525504112,1542,762,638
"387","3135","E 75 St & 3 Ave",40.77112927,-73.95772297,1539,914,584
"388","419","Carlton Ave & Park Ave",40.69580705,-73.97355569,1538,1095,387
"389","3293","W 92 St & Broadway",40.7921,-73.9739,1524,1009,463
"390","298","3 Ave & Schermerhorn St",40.68683208,-73.9796772,1522,1059,389
"391","3249","Verona Pl & Fulton St",40.6803560840434,-73.9476791024208,1520,910,558
"392","3161","W 76 St & Columbus Ave",40.7801839724239,-73.9772853255272,1517,962,518
"393","406","Hicks St & Montague St",40.69512845,-73.99595065,1504,882,526
"394","3699","W 50 St & 9 Ave",40.7636046779586,-73.9891795814037,1500,1206,250
"395","247","Perry St & Bleecker St",40.73535,-74.00483,1496,1066,372
"396","3356","Amsterdam Ave & W 66 St",40.7746671,-73.98470567,1488,1043,402
"397","82","St James Pl & Pearl St",40.71117416,-74.00016545,1479,844,505
"398","3294","E 91 St & Park Ave",40.7835016,-73.955327,1477,1052,372
"399","2009","Catherine St & Monroe St",40.71117444,-73.99682619,1455,943,449
"400","414","Pearl St & Anchorage Pl",40.70281858,-73.98765762,1452,1040,337
"401","3116","Huron St & Franklin St",40.73266,-73.95826,1450,959,432
"402","3441","10 Hudson Yards",40.752957,-74.00264,1443,1181,203
"403","3171","Amsterdam Ave & W 82 St",40.78524672,-73.97667321,1439,1020,310
"404","3146","E 81 St & 3 Ave",40.77573034,-73.9567526,1425,820,539
"405","3359","E 68 St & Madison Ave",40.7691572,-73.96703464,1419,972,404
"406","3351","E 102 St & 1 Ave",40.7869946,-73.94164802,1416,837,488
"407","3124","46 Ave & 5 St",40.74731,-73.95451,1415,1047,322
"408","3231","E 67 St & Park Ave",40.7678008014813,-73.9659208059311,1413,1040,346
"409","3723","Cadman Plaza E & Johnson St",40.695317277669,-73.9901572465897,1386,910,374
"410","3419","Douglass St & 4 Ave",40.6792788,-73.98154004,1384,881,455
"411","331","Pike St & Monroe St",40.71173107,-73.99193043,1375,843,474
"412","3504","E 123 St & Lexington Ave",40.8029263,-73.9379,1373,916,333
"413","3576","Park Pl & Vanderbilt Ave",40.6767,-73.969024,1366,794,514
"414","3166","Riverside Dr & W 72 St",40.7805779901033,-73.9856243133545,1355,953,349
"415","3080","S 4 St & Rodney St",40.70934,-73.95608,1354,726,584
"416","3637","Fulton St & Waverly Ave",40.6832386546034,-73.9659959077835,1350,923,384
"417","3115","India St & Manhattan Ave",40.73232194,-73.9550858,1348,884,436
"418","3349","Grand Army Plaza & Plaza St West",40.6729679,-73.97087984,1334,614,645
"419","3085","Roebling St & N 4 St",40.71469,-73.95739,1326,712,536
"420","157","Henry St & Atlantic Ave",40.69089272,-73.99612349,1320,924,344
"421","3502","Lexington Ave & E 111 St",40.7954121,-73.9441232,1320,787,497
"422","3312","1 Ave & E 94 St",40.7817212,-73.94594,1317,850,417
"423","3534","Frederick Douglass Blvd & W 117 St",40.805159,-73.954692,1313,913,298
"424","3539","W 116 St & Amsterdam Ave",40.8067581,-73.9607082,1313,841,418
"425","3384","Smith St & 3 St",40.6787242,-73.99599099,1306,776,443
"426","144","Nassau St & Navy St",40.69839895,-73.98068914,1303,993,258
"427","3304","6 Ave & 9 St",40.668127,-73.98377641,1288,720,490
"428","3082","Hope St & Union Ave",40.71167351,-73.95141312,1282,705,520
"429","3148","E 84 St & 1 Ave",40.77565541,-73.95068615,1282,875,369
"430","3290","E 89 St & York Ave",40.7779453,-73.946041,1281,846,338
"431","3338","2 Ave & E 99 St",40.7862586,-73.94552579,1281,828,405
"432","3364","Carroll St & 5 Ave",40.6751622,-73.9814832,1267,774,421
"433","3693","N 11 St & Kent Ave",40.7224818863822,-73.9592193067074,1265,710,419
"434","3062","Myrtle Ave & Marcy Ave",40.69539817,-73.94954908,1264,736,478
"435","3540","Morningside Ave & W 123 St",40.81,-73.9551508,1253,693,275
"436","3145","E 84 St & Park Ave",40.77862688,-73.95772073,1251,901,291
"437","3102","Driggs Ave & Lorimer St",40.72179134,-73.9504154,1237,734,429
"438","3368","5 Ave & 3 St",40.6728155,-73.98352355,1237,819,369
"439","3558","Bergen St & Vanderbilt Ave",40.6794388,-73.9680438,1234,672,516
"440","3553","Frederick Douglass Blvd & W 112 St",40.801694,-73.957145,1232,802,382
"441","344","Monroe St & Bedford Ave",40.6851443,-73.95380904,1230,864,293
"442","3100","Nassau Ave & Newell St",40.7248125644002,-73.947526216507,1226,792,381
"443","3478","2 Ave & 36 St - Citi Bike HQ at Industry City",40.6570886666848,-74.0087020397186,1213,840,337
"444","266","Avenue D & E 8 St",40.72368361,-73.97574813,1212,754,382
"445","3160","Central Park West & W 76 St",40.77896784,-73.97374737,1205,587,496
"446","3286","E 89 St & 3 Ave",40.7806284,-73.9521667,1200,766,372
"447","3547","Broadway & Moylan Pl",40.8143256,-73.9590255,1198,749,363
"448","3162","W 78 St & Broadway",40.78339981,-73.98093133,1187,781,363
"449","3415","Prospect Pl & 6 Ave",40.6793307,-73.97519523,1183,676,460
"450","3496","1 Ave & E 110 St",40.7923272,-73.9383,1181,781,313
"451","291","Madison St & Montgomery St",40.713126,-73.984844,1179,697,401
"452","3425","2 Ave & E 104 St",40.7892105,-73.94370784,1176,731,379
"453","3533","St. Nicholas Ave & W 126 St",40.8114323,-73.9518776,1175,842,247
"454","3411","Bond St & Bergen St",40.6849668,-73.98620772,1166,747,366
"455","3284","E 88 St & Park Ave",40.78141070019,-73.9559590816498,1162,934,172
"456","339","Avenue D & E 12 St",40.72580614,-73.97422494,1147,784,322
"457","3387","E 106 St & Madison Ave",40.7934337,-73.94945003,1139,661,428
"458","393","E 5 St & Avenue C",40.72299208,-73.97995466,1135,764,328
"459","3790","Henry St & Middagh St",40.7003,-73.99158,1134,783,297
"460","3610","Vernon Blvd & 30 Rd",40.770845,-73.934171,1133,850,245
"461","3542","Amsterdam Ave & W 119 St",40.8086249,-73.9596214,1128,704,381
"462","3292","5 Ave & E 93 St",40.7857851,-73.957481,1127,576,448
"463","3123","31 St & Thomson Ave",40.74469738,-73.93540375,1126,854,213
"464","3373","3 St & 3 Ave",40.6750705,-73.98775226,1125,883,210
"465","3611","Vernon Blvd & 47 Rd",40.7449067,-73.9534573,1124,670,362
"466","3497","Pleasant Ave & E 116 St",40.7949879,-73.9333349,1122,765,280
"467","3354","3 St & Prospect Park West",40.668132,-73.97363831,1119,645,411
"468","498","Broadway & W 32 St",40.74854862,-73.98808416,1113,899,186
"469","3074","Montrose Ave & Bushwick Ave",40.70767788,-73.94016171,1108,697,251
"470","3536","W 116 St & Broadway",40.8082,-73.9641,1105,556,479
"471","3221","47 Ave & 31 St",40.743,-73.93561,1104,806,259
"472","3350","W 100 St & Broadway",40.7973721,-73.97041192,1101,725,319
"473","3369","E 82 St & East End Ave",40.7724607,-73.9468208,1097,697,372
"474","3377","Carroll St & Bond St",40.6786115,-73.99037292,1096,657,394
"475","3177","W 84 St & Broadway",40.7867947,-73.977112,1093,615,349
"476","3403","4 Ave & 9 St",40.6705135,-73.98876585,1089,626,413
"477","416","Cumberland St & Lafayette Ave",40.68753406,-73.97265183,1086,689,371
"478","3671","E 81 St & 2 Ave",40.7747794489573,-73.9542746543884,1080,745,279
"479","3494","E 115 St & Lexington Ave",40.797911,-73.9423,1078,589,430
"480","3452","Bayard St & Leonard St",40.7191557169604,-73.9488539099693,1074,760,254
"481","421","Clermont Ave & Park Ave",40.69573398,-73.97129668,1068,681,340
"482","354","Emerson Pl & Myrtle Ave",40.69363137,-73.96223558,1064,713,299
"483","353","S Portland Ave & Hanson Pl",40.68539567,-73.97431458,1061,688,314
"484","3728","Pierrepont St & Monroe Pl",40.6953569332022,-73.9934402704239,1054,729,283
"485","396","Lefferts Pl & Franklin Ave",40.680342423,-73.9557689392,1045,673,304
"486","3288","E 88 St & 1 Ave",40.778301,-73.9488134,1043,604,388
"487","278","Concord St & Bridge St",40.69766564,-73.98476437,1039,692,283
"488","3067","Broadway & Whipple St",40.7016657,-73.9437303,1033,606,338
"489","3365","3 St & 7 Ave",40.6703837,-73.97839676,1030,699,307
"490","3630","Frederick Douglass Blvd & W 115 St",40.8038654,-73.9559308,1030,678,228
"491","3538","W 110 St & Amsterdam Ave",40.802692,-73.96295,1025,649,321
"492","3673","Dean St & Franklin Ave",40.6775920693738,-73.955637216568,1024,697,271
"493","3509","Lenox Ave & W 115 St",40.8011939,-73.9500739,1021,598,363
"494","3042","Fulton St & Utica Ave",40.6794268,-73.9298911,1016,477,425
"495","356","Bialystoker Pl & Delancey St",40.71622644,-73.98261206,1013,741,235
"496","258","DeKalb Ave & Vanderbilt Ave",40.68940747,-73.96885458,1012,606,372
"497","3128","21 St & 43 Ave",40.75052534,-73.94594845,1010,890,105
"498","3285","W 87 St & Amsterdam Ave",40.78839,-73.9747,1007,632,333
"499","3066","Tompkins Ave & Hopkins St",40.69957608,-73.94708417,1006,647,298
"500","3127","9 St & 44 Rd",40.74966,-73.9521,1000,583,376
"501","3169","Riverside Dr & W 82 St",40.78720869,-73.98128127,1000,664,289
"502","3173","Riverside Blvd & W 67 St",40.777507027548,-73.9888858795166,996,610,303
"503","3226","W 82 St & Central Park West",40.78275,-73.97137,996,634,301
"504","3799","6 Ave & W 34 St",40.74964,-73.98805,996,669,273
"505","3430","Richardson St & N Henry St",40.7190789117956,-73.9422369003296,992,628,334
"506","3466","W 45 St & 6 Ave -",40.7566872060318,-73.9825773239136,991,862,112
"507","3298","Warren St & Court St",40.686371,-73.99383324,990,572,380
"508","3081","Graham Ave & Grand St",40.711863,-73.944024,989,661,276
"509","3172","W 74 St & Columbus Ave",40.7785669,-73.97754961,987,600,359
"510","3069","Lorimer St & Broadway",40.70411791,-73.94818595,985,642,240
"511","3362","Madison Ave & E 82 St",40.7781314,-73.96069399,979,622,288
"512","244","Willoughby Ave & Hall St",40.69196035,-73.96536851,977,630,306
"513","3417","Baltic St & 5 Ave",40.6795766,-73.97854971,969,595,345
"514","3179","Park Ave & Marcus Garvey Blvd",40.698617,-73.941342,952,562,352
"515","3361","Carroll St & 6 Ave",40.6740886,-73.9787282,952,509,391
"516","245","Myrtle Ave & St Edwards St",40.69327018,-73.97703874,935,633,263
"517","3323","W 106 St & Central Park West",40.7981856,-73.9605909006,933,579,270
"518","3623","W 120 St & Claremont Ave",40.8109494,-73.9634,932,623,282
"519","3328","W 100 St & Manhattan Ave",40.795,-73.9645,931,533,343
"520","3400","E 110 St & Madison Ave",40.7961535,-73.94782145,925,515,328
"521","3537","Carlton Ave & Dean St",40.6809741,-73.9710097,919,582,302
"522","3117","Franklin St & Dupont St",40.73564,-73.95866,916,560,297
"523","332","Cherry St",40.71219906,-73.97948148,912,613,230
"524","3297","6 St & 7 Ave",40.6686627,-73.97988067,905,495,354
"525","3355","E 66 St & Madison Ave",40.7680088930595,-73.9684528112411,898,666,191
"526","3383","Cathedral Pkwy & Broadway",40.804213,-73.96699104,883,620,216
"527","3422","Columbia St & Degraw St",40.6859296,-74.00242364,883,465,382
"528","3424","E 106 St & Lexington Ave",40.791976,-73.945993,882,531,284
"529","3094","Graham Ave & Withers St",40.7169811,-73.94485918,877,497,288
"530","3306","10 St & 7 Ave",40.6662078,-73.98199886,875,599,257
"531","3150","E 85 St & York Ave",40.77536905,-73.94803392,870,586,254
"532","366","Clinton Ave & Myrtle Ave",40.693261,-73.968896,870,616,218
"533","3056","Kosciuszko St & Nostrand Ave",40.69072549,-73.95133465,869,621,213
"534","3076","Scholes St & Manhattan Ave",40.70870368,-73.9448625,866,522,293
"535","3505","Lexington Ave & E 127 St",40.805726,-73.936322,865,493,326
"536","3315","Henry St & Degraw St",40.6847514,-73.99917254,861,487,353
"537","3243","E 58 St & 1 Ave (NE Corner)",40.7589238637769,-73.9622622728348,859,601,231
"538","270","Adelphi St & Myrtle Ave",40.69308257,-73.97178913,857,575,262
"539","3307","West End Ave & W 94 St",40.7941654,-73.974124,857,573,252
"540","3516","31 St & Astoria Blvd",40.7699176,-73.9184057,851,682,140
"541","3552","W 113 St & Broadway",40.805973,-73.964928,850,470,335
"542","3529","Lenox Ave & W 130 St",40.8107922,-73.9430681,840,527,244
"543","408","Market St & Cherry St",40.71076228,-73.99400398,840,600,163
"544","3407","Union St & Nevins St",40.6790979972168,-73.9876547455788,836,513,291
"545","3375","3 Ave & E 72 St",40.7699426,-73.96060712,833,602,217
"546","3319","14 St & 5 Ave",40.666287,-73.98895053,827,416,289
"547","3299","E 98 St & Park Ave",40.78813,-73.95206,826,498,275
"548","3320","Central Park West & W 100 St",40.7940666081855,-73.9628684520721,817,492,224
"549","3390","E 109 St & 3 Ave",40.79329668,-73.9432083,814,590,185
"550","3608","5 St & 51 Ave",40.7423737,-73.9566,811,627,159
"551","3399","7 St & 3 Ave",40.6726029815013,-73.9898300170898,810,446,342
"552","3581","Underhill Ave & Lincoln Pl",40.6740123,-73.9671457,810,427,349
"553","3541","Amsterdam Ave & W 125 St",40.813358,-73.956461,805,481,239
"554","3071","Boerum St & Broadway",40.70538077,-73.94976519,801,493,215
"555","3804","Front St & Jay St",40.70246,-73.98684,796,616,124
"556","3309","E 97 St & 3 Ave",40.7859201,-73.94860294,791,469,306
"557","3152","3 Ave & E 71 St",40.76873687,-73.96119945,790,568,201
"558","3618","27 St & Hunter St",40.7485,-73.941275,786,475,280
"559","3562","Classon Ave & St Marks Ave",40.6765198,-73.9596082,777,488,259
"560","3329","Degraw St & Smith St",40.6829151,-73.99318208,775,387,337
"561","3606","49 Ave & 21 St",40.74252,-73.948852,774,598,72
"562","3583","Eastern Pkwy & Washington Ave",40.6716493,-73.9631145,770,384,354
"563","3106","Driggs Ave & N Henry St",40.72325,-73.94308,764,386,318
"564","3561","37 Ave & 35 St",40.7531106,-73.9279917,763,655,84
"565","3300","Prospect Park West & 8 St",40.6651468153379,-73.9763760566711,753,464,236
"566","275","Washington Ave & Greene Ave",40.68650065,-73.96563307,751,489,234
"567","3381","3 St & Hoyt St",40.6777287,-73.99364123,750,492,226
"568","3500","E 115 St & Madison Ave",40.7989445,-73.944846,747,306,421
"569","3077","Stagg St & Union Ave",40.70877084,-73.95095259,744,420,255
"570","3105","N 15 St & Wythe Ave",40.724055,-73.955736,733,451,242
"571","3510","Adam Clayton Powell Blvd & W 123 St",40.8078316,-73.949373,733,420,273
"572","3065","Union Ave & Wallabout St",40.70029511,-73.95032283,731,446,258
"573","3676","Van Brunt St & Van Dyke St",40.6758329439129,-74.0147262811661,730,456,194
"574","3812","University Pl & E 14 St",40.73481,-73.99209,728,488,212
"575","3647","48 Ave & 30 Pl",40.7412830935599,-73.9372587203979,724,497,206
"576","3410","Dean St & Hoyt St",40.6864442,-73.98759104,723,452,240
"577","3560","28 St & 38 Ave",40.754876,-73.934326,722,399,270
"578","3493","E 118 St & 3 Ave",40.799139,-73.9389152,721,531,163
"579","3389","Carroll St & Columbia St",40.6830456,-74.00348559,718,354,331
"580","3347","Van Brunt St & Wolcott St",40.6773429,-74.01275056,717,421,267
"581","3745","36 Ave & 31 St",40.7565127298495,-73.9295748621225,716,555,118
"582","3041","Kingston Ave & Herkimer St",40.67890679,-73.94142771,713,345,295
"583","3726","Center Blvd & 51 Ave",40.7433660802702,-73.95960688591,709,404,230
"584","3556","24 St & 41 Ave",40.7527085,-73.9397405,700,577,80
"585","3499","2 Ave & E 122 St",40.8006721,-73.9349,699,480,160
"586","3599","Franklin Ave & Empire Blvd",40.66314,-73.9605695,699,460,180
"587","3321","Clinton St & Union St",40.6831164,-73.99785267,696,422,252
"588","3771","McKibbin St & Bogart St",40.70624,-73.93387,692,511,138
"589","3308","Kane St & Clinton St",40.6861758,-73.99645295,686,324,331
"590","3675","3 Ave & E 95 St",40.7845967988489,-73.9496853947639,683,441,215
"591","3303","Butler St & Court St",40.6849894,-73.99440329,682,335,320
"592","3370","E 78 St & 2 Ave",40.7727966,-73.95577801,680,467,192
"593","3289","W 90 St & Amsterdam Ave",40.7901794809508,-73.9728891849518,673,493,154
"594","3357","W 106 St & Amsterdam Ave",40.8008363,-73.9664492472,665,493,153
"595","3434","W 88 St & West End Ave",40.7902541733042,-73.9771834015846,662,360,270
"596","3571","Bedford Ave & Bergen St",40.676368,-73.952918,657,401,191
"597","3714","Division Av & Hooper St",40.7068420310133,-73.9544353965357,655,408,166
"598","3501","E 118 St & Madison Ave",40.8014866,-73.9442507,649,453,135
"599","3689","W 104 St & Amsterdam Ave",40.799041392883,-73.9664947986603,649,426,169
"600","3654","31 St & Northern Blvd",40.7518695142187,-73.933492898941,648,448,157
"601","3762","3 Ave & Carroll St",40.67703,-73.9865,647,413,215
"602","3344","Pioneer St & Van Brunt St",40.679043,-74.011169,643,368,216
"603","3629","Adam Clayton Powell Blvd & W 126 St",40.8094953477795,-73.9477649331093,643,396,195
"604","3557","40 Ave & 9 St",40.75742,-73.945133,638,481,129
"605","420","Clermont Ave & Lafayette Ave",40.68764484,-73.96968902,635,445,168
"606","400","Pitt St & Stanton St",40.71926081,-73.98178024,633,354,263
"607","3339","Berkeley Pl & 6 Ave",40.6765304,-73.97846879,632,297,314
"608","3412","Pacific St & Nevins St",40.6853761,-73.98302136,631,413,207
"609","3055","Greene Ave & Nostrand Ave",40.6883337,-73.950916,629,430,171
"610","3366","West End Ave & W 107 St",40.8021174,-73.9681805305,629,470,135
"611","3397","Court St & Nelson St",40.6763947,-73.99869893,629,348,247
"612","3544","Underhill Ave & Pacific St",40.6804836,-73.9646795,627,415,179
"613","3388","President St & Henry St",40.6828003,-73.99990419,624,455,160
"614","3157","East End Ave & E 86 St",40.77518615,-73.94446054,623,414,162
"615","3763","Wyckoff Av & Jefferson St",40.70717,-73.92371,617,344,209
"616","262","Washington Park",40.6917823,-73.9737299,616,402,180
"617","3348","Coffey St & Conover St",40.677236,-74.015665,606,283,289
"618","3049","Cambridge Pl & Gates Ave",40.68488,-73.96304,603,386,196
"619","3341","Central Park West & W 102 St",40.795346,-73.96186,589,453,90
"620","3495","E 114 St & 1 Ave",40.7945663,-73.9362541,588,383,165
"621","372","Franklin Ave & Myrtle Ave",40.694546087246,-73.9580136537552,588,447,88
"622","3053","Marcy Ave & Lafayette Ave",40.6900815,-73.947915,583,375,162
"623","3570","35 Ave & 37 St",40.7557327,-73.9236611,581,372,180
"624","3331","Riverside Dr & W 104 St",40.8013434,-73.9711457439,579,399,146
"625","3386","1 Pl & Clinton St",40.6809591,-73.99905709,577,367,197
"626","3616","Steinway St & 28 Ave",40.7656251,-73.9136695,568,362,180
"627","3413","Wyckoff St & 3 Ave",40.6827549,-73.98258555,566,296,229
"628","3310","14 St & 7 Ave",40.663779,-73.98396846,565,349,178
"629","3358","Garfield Pl & 8 Ave",40.6711978,-73.97484126,565,275,250
"630","3649","W 129 St & Convent Ave",40.8143944379158,-73.9532473683357,557,392,133
"631","3088","Union Ave & Jackson St",40.7160751,-73.952029,555,333,201
"632","3404","7 St & 5 Ave",40.6704922,-73.98541675,552,356,160
"633","3311","Columbia St & Kane St",40.68763155,-74.0016256,549,317,207
"634","3549","Grand Ave & Bergen St",40.678045,-73.962408,549,345,173
"635","3498","Pleasant Ave & E 120 St",40.7974772,-73.9311847,548,310,190
"636","3178","Riverside Dr & W 78 St",40.78414472,-73.98362492,546,325,163
"637","3454","Leonard St & Maujer St",40.7103685423523,-73.9470595121384,545,276,239
"638","3083","Bushwick Ave & Powers St",40.71247661,-73.94100005,543,319,191
"639","120","Lexington Ave & Classon Ave",40.68676793,-73.95928168,538,312,183
"640","3437","Riverside Dr & W 91 St",40.7931348098666,-73.9770036935806,529,322,161
"641","3332","Degraw St & Hoyt St",40.681990442707,-73.9907902479172,528,285,167
"642","3317","10 St & 5 Ave",40.6686273,-73.98700053,527,319,186
"643","3597","43 St & Broadway",40.7577284,-73.9166368,522,373,118
"644","3095","Graham Ave & Herbert St",40.71929301,-73.94500379,520,393,93
"645","3531","Frederick Douglass Blvd & W 129 St",40.8125511,-73.9492286,515,368,103
"646","3535","Mt Morris Park W & W 120 St",40.804038,-73.945925,514,375,121
"647","3075","Division Ave & Marcy Ave",40.70708701,-73.95796783,513,383,123
"648","3580","St Johns Pl & Washington Ave",40.6737236,-73.9631611,511,359,125
"649","3704","47 Ave & Skillman Ave",40.7437524099784,-73.941764831543,506,280,216
"650","3343","W 107 St & Columbus Ave",40.7997568,-73.9621128676,499,341,94
"651","3391","E 106 St & 1 Ave",40.7892529,-73.93956237,499,301,175
"652","436","Hancock St & Bedford Ave",40.68216564,-73.95399026,498,351,77
"653","3569","Franklin Ave & St Marks Ave",40.6758324,-73.9561677,496,306,160
"654","3592","Crescent St & Broadway",40.7633589,-73.9286471,495,363,102
"655","3490","E 116 St & 2 Ave",40.796879,-73.937261,490,300,138
"656","3520","Adam Clayton Powell Blvd & W 118 St",40.804372,-73.951475,490,341,117
"657","3620","11 St & 43 Ave",40.7519071,-73.9479119,489,322,157
"658","289","Monroe St & Classon Ave",40.6845683,-73.95881081,486,361,104
"659","3324","3 Ave & 14 St",40.6685455,-73.99333264,484,320,127
"660","3050","Putnam Ave & Throop Ave",40.6851532,-73.94111,483,276,179
"661","3477","39 St & 2 Ave - Citi Bike HQ at Industry City",40.6553997744783,-74.0106278657913,483,373,91
"662","3503","Madison Ave & E 120 St",40.80295,-73.942954,482,282,178
"663","3598","Newton Rd & 44 St",40.7595701,-73.9142678,480,277,161
"664","3506","Lexington Ave & E 120 St",40.8013066,-73.9398167,478,290,165
"665","3527","5 Ave & E 126 St",40.80698,-73.941747,477,320,126
"666","3568","34 St & 35 Ave",40.7569332,-73.9262231,473,336,100
"667","3121","Jackson Ave & 46 Rd",40.74524768,-73.94733276,471,311,134
"668","3755","DeKalb Ave & Franklin Ave",40.69065,-73.95746,470,287,131
"669","3491","E 118 St & 1 Ave",40.79747,-73.93504,468,297,145
"670","3517","31 St & Hoyt Ave N",40.7711528,-73.9170074,466,341,67
"671","119","Park Ave & St Edwards St",40.69608941,-73.97803415,465,277,159
"672","3058","Lewis Ave & Kosciuszko St",40.69237074,-73.93705428,465,309,116
"673","3591","21 St & 31 Dr",40.7659,-73.930819,465,354,66
"674","3614","Crescent St & 30 Ave",40.768692,-73.9249574,465,327,103
"675","216","Columbia Heights & Cranberry St",40.70037867,-73.99548059,461,285,136
"676","3047","Halsey St & Tompkins Ave",40.6823687,-73.944118,461,251,91
"677","3052","Lewis Ave & Madison St",40.686312,-73.935775,461,242,164
"678","3330","Henry St & Bay St",40.6725058,-74.00494695,461,236,217
"679","3579","Sterling Pl & Bedford Ave",40.672695,-73.954131,458,285,142
"680","3068","Humboldt St & Varet St",40.7031724,-73.940636,453,231,154
"681","3662","31 Ave & Steinway St",40.7612938972891,-73.916916847229,451,333,90
"682","3578","Park Pl & Franklin Ave",40.6741806,-73.9564947,445,281,139
"683","3352","Sigourney St & Columbia St",40.6726724341095,-74.0087952464819,441,247,169
"684","3622","E 128 St & Madison Ave",40.80756,-73.939182,439,361,61
"685","3046","Marcus Garvey Blvd & Macon St",40.682601,-73.938037,425,306,92
"686","3313","6 Ave & 12 St",40.6663181,-73.9854617,425,210,200
"687","3511","Adam Clayton Powell Blvd & W 115 St",40.802535,-73.9532423,423,269,126
"688","3545","Broadway & W 122 St",40.8120562,-73.9612547,421,268,124
"689","3603","31 Ave & 30 St",40.7647,-73.9240312,421,297,99
"690","3396","Clinton St & 4 Place",40.6783563,-74.00014502,419,190,202
"691","3617","28 Ave & 35 St",40.7671,-73.9169858,415,303,89
"692","2005","Railroad Ave & Kay Ave",40.70531194,-73.97100056,405,347,50
"693","3781","Greene Av & Myrtle Av",40.69857,-73.91888,404,268,75
"694","3048","Putnam Ave & Nostrand Ave",40.68402,-73.94977,400,248,125
"695","373","Willoughby Ave & Walworth St",40.69331716,-73.95381995,400,296,73
"696","3546","Pacific St & Classon Ave",40.6791944,-73.9587903,399,304,67
"697","3043","Lewis Ave & Decatur St",40.6814598,-73.934903,396,272,100
"698","3060","Willoughby Ave & Tompkins Ave",40.69425403,-73.94626915,392,255,79
"699","3684","W 12 St & W 4 St",40.7375612118114,-74.0039826929569,391,281,105
"700","3322","12 St & 4 Ave",40.668603,-73.9904394,390,245,130
"701","3563","28 St & 36 Ave",40.757186,-73.932719,390,327,49
"702","3574","Prospect Pl & Underhill Ave",40.6769694,-73.96579,387,235,136
"703","3760","Willoughby Ave & Wyckoff Ave",40.70561,-73.92153,387,290,59
"704","3241","Monroe St & Tompkins Ave",40.686203,-73.944694,385,231,96
"705","3057","Kosciuszko St & Tompkins Ave",40.69128258,-73.9452416,383,287,83
"706","3761","Cedar St & Myrtle Ave",40.69784,-73.92624,379,243,74
"707","3449","Eckford St & Engert Ave",40.7214625622982,-73.9480090141296,378,280,87
"708","443","Bedford Ave & S 9 St",40.70853074,-73.96408963,377,227,119
"709","3492","E 118 St & Park Ave",40.8005385,-73.9419949,372,270,85
"710","3756","White St & Moore St",40.70451,-73.9351,371,278,58
"711","3604","Rogers Ave & Sterling St",40.6630619,-73.9538746,369,226,101
"712","3551","3 Ave & E 112 St",40.795508,-73.941606,365,206,117
"713","3559","21 St & 38 Ave",40.7576314,-73.9391224,365,184,155
"714","3072","Leonard St & Boerum St",40.70583339,-73.94644578,363,239,80
"715","3061","Throop Ave & Myrtle Ave",40.69622937,-73.94371094,359,246,86
"716","3405","5 St & 6 Ave",40.6704836,-73.98208968,359,254,93
"717","3523","24 Ave & 29 St",40.7729,-73.916142,357,219,122
"718","3757","Stagg St & Morgan Ave",40.71068,-73.93372,357,283,61
"719","3054","Greene Ave & Throop Ave",40.6894932,-73.942061,356,192,100
"720","357","E 11 St & Broadway",40.73261787,-73.99158043,356,216,122
"721","397","Fulton St & Clermont Ave",40.68415748,-73.96922273,355,230,104
"722","3609","Vernon Blvd & 31 Ave",40.7692475,-73.9354504,354,238,92
"723","3565","36 Ave & 10 St",40.7614376,-73.9411265,350,193,125
"724","3524","19 St & 24 Ave",40.7774552,-73.9225403,349,232,107
"725","3525","23 Ave & 27 St",40.776165,-73.9153175,347,250,81
"726","3691","28 Ave & 44 St",40.7640893235069,-73.9106512069702,345,243,91
"727","3766","Sharon St & Olive St",40.71535,-73.93856,344,187,125
"728","3582","Lincoln Pl & Classon Ave",40.6721683,-73.9609,334,150,164
"729","365","Fulton St & Grand Ave",40.68223166,-73.9614583,333,247,70
"730","3602","31 Ave & 34 St",40.763154,-73.920827,330,191,110
"731","3595","35 St & Broadway",40.760339,-73.9222427,326,233,81
"732","3392","Commerce St & Van Brunt St",40.6812117,-74.00860912,325,236,70
"733","3543","Morningside Dr & Amsterdam Ave",40.81028506306,-73.9573645591736,325,229,79
"734","3554","Vernon Blvd & 41 Rd",40.7552433,-73.9485678,322,242,54
"735","3327","3 Ave & E 100 St",40.7877214,-73.94728331,321,185,82
"736","3585","Union St & Bedford Ave",40.6691783,-73.9554162,320,218,77
"737","3612","30 Ave & 21 St",40.7703743,-73.9286078,319,270,41
"738","3063","Nostrand Ave & Myrtle Ave",40.69527008,-73.95238108,316,187,68
"739","3727","Frost St & Meeker Ave",40.7176619708399,-73.948800265789,308,212,84
"740","3810","Central Park West & W 82 St",40.78259,-73.97121,305,193,83
"741","3619","Newtown Ave & 23 St",40.7713615,-73.9246145,303,248,39
"742","407","Henry St & Poplar St",40.700469,-73.991454,303,218,77
"743","3621","27 Ave & 9 St",40.7739825,-73.9309134,301,217,52
"744","3782","Brooklyn Bridge Park - Pier 2",40.69846,-73.99718,295,136,56
"745","3122","48 Ave & 5 St",40.7443632870669,-73.9558732509613,294,186,61
"746","3532","Ditmars Blvd & 19 St",40.78145,-73.9183302,291,233,28
"747","3770","Central Ave & Flushing Ave",40.70283,-73.9333,291,221,48
"748","3070","McKibbin St & Manhattan Ave",40.70510918,-73.94407279,289,186,79
"749","3340","Wolcott St & Dwight St",40.6753274,-74.0100698,288,184,82
"750","3613","Center Blvd & 48 Ave",40.745038,-73.957539,286,193,44
"751","3776","Central Ave & Starr Street",40.7,-73.92834,281,175,57
"752","3044","Albany Ave & Fulton St",40.6800105,-73.938475,276,168,67
"753","3144","E 81 St & Park Ave",40.77677702,-73.9590097,274,180,90
"754","3059","Pulaski St & Marcus Garvey Blvd",40.6933982,-73.939877,271,144,84
"755","3768","Waterbury St & Stagg St",40.71019,-73.93734,271,190,57
"756","3767","Powers St & Olive St",40.71323,-73.93894,268,202,55
"757","3573","35 St & 34 Ave",40.7580583,-73.9242751,267,175,83
"758","3287","W 87 St & West End Ave",40.78962,-73.97757,266,187,72
"759","3789","Fulton St & Irving Pl",40.68186,-73.95943,264,161,81
"760","3514","Astoria Park S & Shore Blvd",40.7767,-73.927631,260,125,107
"761","3528","Steinway St & 23 Ave",40.7713937,-73.9077436,258,181,56
"762","3515","24 Ave & 26 St",40.774591,-73.918544,256,195,54
"763","3775","Suydam St & Knickerbocker Ave",40.70201,-73.92377,254,169,51
"764","3566","Crescent St & 35 Ave",40.7596276,-73.9321455,252,187,58
"765","3589","Broadway & 12 St",40.7668,-73.9347774,249,188,44
"766","3661","Montgomery St & Franklin Ave",40.6664393068708,-73.9605563879013,244,216,19
"767","3302","Columbus Ave & W 103 St",40.7969347,-73.9643412291,242,159,67
"768","3607","31 Ave & 14 St",40.7682,-73.9322662,233,198,24
"769","3772","Devoe St & Morgan Ave",40.71381,-73.93515,230,163,58
"770","3646","35 Ave & 10 St",40.7631548191037,-73.9398550987244,229,185,36
"771","3575","Crescent St & 34 Ave",40.76108,-73.930562,227,159,50
"772","3588","Vernon Blvd & 10 St",40.7671863,-73.9373554,224,165,43
"773","3393","Richards St & Delavan St",40.6794327,-74.00785041,223,164,38
"774","3759","Irving Ave & Jefferson St",40.70538,-73.92535,216,111,71
"775","3567","11 St & 35 Ave",40.7627442,-73.9391141,215,186,24
"776","3774","Knickerbocker Ave & George St",40.70443,-73.92836,215,140,44
"777","3778","Irving Ave & DeKalb Ave",40.7027,-73.92095,214,144,36
"778","3605","31 Ave & Crescent St",40.7658346,-73.9265474,213,152,39
"779","3456","Jackson St & Leonard St",40.7163803197356,-73.9482128620148,210,129,71
"780","3764","Bushwick Ave & McKibbin St",40.70552,-73.93936,208,128,53
"781","3564","21 St & 36 Ave",40.7601853,-73.9362726,205,186,14
"782","3342","Pioneer St & Richards St",40.6777748,-74.0094613,204,132,52
"783","3587","Carroll St & Washington Ave",40.6686744,-73.9618148,199,112,71
"784","3758","George St & Wilson Ave",40.703,-73.92997,198,123,42
"785","3779","Hart St & Wyckoff Ave",40.70488,-73.91991,195,124,48
"786","3586","34 Ave & 13 St",40.7638753,-73.9364848,191,164,24
"787","3795","10 St & 2 Ave",40.67191,-73.99361,189,111,70
"788","3326","Clinton St & Centre St",40.67434,-74.00194698,183,120,54
"789","3513","21 St & Hoyt Ave S",40.774645,-73.923706,180,106,61
"790","3530","Crescent St & Ditmars Blvd",40.7787185,-73.9145645,175,127,39
"791","3716","40 Ave & Crescent St",40.7535992020056,-73.9379560947418,175,100,54
"792","3601","Sterling St & Bedford Ave",40.6627059,-73.9569115,173,97,54
"793","3333","Columbia St & Lorraine St",40.6747055,-74.0075572,172,112,49
"794","3773","Knickerbocker Ave & Thames St",40.70539,-73.92976,170,94,40
"795","3394","Columbia St & W 9 St",40.6769993,-74.00647134,165,104,51
"796","3395","Henry St & W 9 St",40.6763744,-74.00324957,164,103,57
"797","3337","Dwight St & Van Dyke St",40.673635513415,-74.0119555592537,163,91,60
"798","3577","34 Ave & 21 St",40.7628138,-73.9342862,161,114,34
"799","3590","Carroll St & Franklin Ave",40.6679411,-73.9588,158,118,26
"800","3522","37 St & 24 Ave",40.7701477,-73.9120938,154,105,39
"801","3432","NYCBS Depot - GOW",40.6690601350111,-73.9946365356445,147,126,15
"802","3765","Bushwick Ave & Stagg St",40.7099,-73.94008,137,83,12
"803","3777","Stockholm St & Wilson Ave",40.6993,-73.92304,136,90,25
"804","3720","Wyckoff St & Bond St",40.6846165389795,-73.9872128516436,135,103,30
"805","3596","Sullivan Pl & Bedford Ave",40.6642406,-73.9574686,122,83,26
"806","3401","2 Ave & 9 St",40.6724811,-73.99331394,107,61,43
"807","3371","4 Ave & 2 St",40.6746134224758,-73.9850114285946,105,72,32
"808","3512","27 Ave & 4 St",40.7747175,-73.9337894,103,63,33
"809","3769","White St & Johnson Ave",40.70717,-73.93581,103,66,30
"810","3325","E 95 St & 3 Ave",40.7849,-73.9505,101,68,29
"811","3631","Crown St & Bedford Ave",40.666563,-73.956741,77,47,24
"812","3805","E 80 St & Park Ave",40.77617,-73.95976,77,55,17
"813","3793","Stuyvesant Walk & 1 Av Loop",40.73234,-73.97898,71,48,16
"814","3479","Picnic Point",40.68513,-74.02535,52,18,18
"815","3182","Yankee Ferry Terminal",40.68693,-74.01697,40,16,17
"816","3803","Bedford Ave & Montgomery St",40.66582,-73.95693,39,25,10
"817","3245","NYCBS DEPOT - DELANCEY",40.7164442313448,-73.9823305606842,36,22,7
"818","NULL","NULL",40.848,-73.887,31,31,0
"819","3254","Soissons Landing",40.69232,-74.01487,24,13,5
"820","3811","27 Ave & 3 St",40.77485,-73.9342,18,7,7
"821","3823","Beaver St & Fayette St",40.70099,-73.93921,14,5,5
"822","3842","Bushwick Ave & Dekalb Ave",40.69502,-73.92825,8,7,1
"823","3820","Willoughby Ave & Myrtle Ave",40.69757,-73.93098,6,3,1
"824","3821","Evergreen Ave & Noll St",40.70106,-73.93318,6,2,1
"825","3819","Green St & McGuinness Blvd",40.73396,-73.95204,5,3,2
"826","3854","Morgan Ave & Maspeth Ave",40.71666,-73.93637,5,3,2
"827","3040","Handlebar @ Gowanus",40.6698,-73.99498,4,3,1
"828","3822","Bushwick Ave & Forrest St",40.70076,-73.93641,4,3,1
"829","3817","Withers St & Kingsland Ave",40.71773,-73.94051,3,3,0
"830","3210","Pershing Field",40.74268,-74.05179,2,0,0
"831","3853","Harrison Pl & Porter Ave",40.70686,-73.92851,2,2,0
"832","3183","Exchange Place",40.71625,-74.03346,1,1,0
"833","3195","Sip Ave",40.7309,-74.06391,1,0,1
"834","3198","Heights Elevator",40.74872,-74.04044,1,0,0
"835","3209","Brunswick St",40.72418,-74.05066,1,1,0
"836","3818","Calyer St & Jewel St",40.72984,-73.94839,1,1,0
"837","3858","Kent St & McGuinness Blvd",40.73124,-73.95161,1,1,0
